id,eventId,minute,second,period,team,teamId,playerId,playerName,type,outcome,x,y,endX,endY,isTouch,Zone,PassEndX,PassEndY,Length,Angle,otherQualifiers
2647548971.0,2,0,0,FirstHalf,Man City,167,,,Start,Successful,0.0,0.0,,,False,,,,,,
2647548943.0,2,0,0,FirstHalf,Chelsea,15,,,Start,Successful,0.0,0.0,,,False,,,,,,
2647549005.0,3,0,0,FirstHalf,Chelsea,15,369430,Enzo Fernández,Pass,Successful,50.1,50.0,29.2,54.0,True,Back,29.2,54.0,22.1,3.02,StandingSave
2647549019.0,4,0,2,FirstHalf,Chelsea,15,421351,Levi Colwill,Pass,Successful,30.8,54.2,67.1,19.8,True,Right,67.1,19.8,44.7,5.73,StandingSave; Longball
2647549027.0,5,0,5,FirstHalf,Chelsea,15,426050,Nicolas Jackson,Pass,Unsuccessful,67.1,19.8,63.8,26.5,True,Center,63.8,26.5,5.7,2.22,OtherBodyPart; LayOff; StandingSave
2647549041.0,3,0,5,FirstHalf,Man City,167,303139,Rodri,Pass,Successful,34.6,74.8,25.8,79.7,True,Back,25.8,79.7,9.8,2.80,StandingSave
2647549067.0,4,0,6,FirstHalf,Man City,167,122945,Nathan Aké,Pass,Unsuccessful,25.8,79.7,56.6,100.0,True,Left,56.6,100.0,35.7,0.44,Longball; StandingSave
2647549115.0,7,0,13,FirstHalf,Chelsea,15,403850,Malo Gusto,Pass,Successful,45.5,0.0,48.4,11.7,True,Back,48.4,11.7,9.3,1.24,ThrowIn
2647549143.0,8,0,15,FirstHalf,Chelsea,15,410175,Moisés Caicedo,Pass,Successful,49.9,10.3,60.4,2.0,True,Right,60.4,2.0,12.4,5.81,StandingSave
2647549153.0,9,0,16,FirstHalf,Chelsea,15,395692,Cole Palmer,Pass,Successful,58.7,2.5,63.2,16.2,True,Right,63.2,16.2,10.4,1.10,StandingSave
2647549179.0,10,0,17,FirstHalf,Chelsea,15,426050,Nicolas Jackson,Pass,Successful,64.0,28.5,60.4,33.1,True,Center,60.4,33.1,4.9,2.45,StandingSave
2647549189.0,11,0,19,FirstHalf,Chelsea,15,375621,Conor Gallagher,BallTouch,Unsuccessful,59.1,30.7,,,True,Center,,,,,StandingSave
2647549197.0,6,0,19,FirstHalf,Man City,167,365409,Julián Alvarez,BallRecovery,Successful,40.6,70.9,,,False,,,,,,
2647549231.0,7,0,20,FirstHalf,Man City,167,365409,Julián Alvarez,Pass,Successful,40.6,70.9,31.5,65.5,True,Back,31.5,65.5,10.2,3.51,StandingSave
2647549251.0,8,0,20,FirstHalf,Man City,167,303139,Rodri,Pass,Successful,38.0,69.3,48.3,68.3,True,Back,48.3,68.3,10.8,6.22,StandingSave
2647549353.0,9,0,23,FirstHalf,Man City,167,73084,Kevin De Bruyne,Pass,Successful,57.7,71.7,70.6,85.4,True,Left,70.6,85.4,16.4,0.60,StandingSave
2647549377.0,10,0,30,FirstHalf,Man City,167,388098,Jérémy Doku,Pass,Successful,76.3,96.1,63.8,92.4,True,Left,63.8,92.4,13.4,3.33,StandingSave
2647549407.0,11,0,32,FirstHalf,Man City,167,122945,Nathan Aké,Pass,Successful,64.6,89.0,55.4,71.1,True,Center,55.4,71.1,15.5,4.04,StandingSave
2647549477.0,12,0,35,FirstHalf,Man City,167,313171,Rúben Dias,Pass,Successful,54.6,69.2,52.1,43.5,True,Center,52.1,43.5,17.7,4.56,StandingSave
2647549519.0,13,0,39,FirstHalf,Man City,167,297390,Manuel Akanji,Pass,Successful,61.4,38.2,53.5,55.7,True,Center,53.5,55.7,14.5,2.18,StandingSave
2647549547.0,14,0,40,FirstHalf,Man City,167,303139,Rodri,Pass,Successful,54.2,56.5,64.0,67.3,True,Center,64.0,67.3,12.6,0.62,StandingSave
2647549575.0,15,0,42,FirstHalf,Man City,167,365409,Julián Alvarez,Pass,Successful,64.0,67.3,57.1,84.1,True,Left,57.1,84.1,13.5,2.14,StandingSave
2647549683.0,16,0,44,FirstHalf,Man City,167,122945,Nathan Aké,Pass,Successful,57.1,84.1,67.0,96.9,True,Left,67.0,96.9,13.6,0.70,StandingSave
2647549689.0,17,0,48,FirstHalf,Man City,167,388098,Jérémy Doku,TakeOn,Unsuccessful,80.1,90.5,,,True,Left,,,,,OverRun; Offensive; StandingSave
2647549705.0,13,0,50,FirstHalf,Chelsea,15,403850,Malo Gusto,BallRecovery,Successful,13.4,9.8,,,False,,,,,,
2647549745.0,14,0,51,FirstHalf,Chelsea,15,403850,Malo Gusto,Pass,Successful,11.8,18.2,18.4,17.6,True,Back,18.4,17.6,6.9,6.22,StandingSave
2647549789.0,15,0,52,FirstHalf,Chelsea,15,369430,Enzo Fernández,Pass,Successful,18.4,17.6,18.1,3.2,True,Back,18.1,3.2,9.8,4.68,StandingSave
2647549813.0,16,0,54,FirstHalf,Chelsea,15,395692,Cole Palmer,Pass,Successful,18.1,3.2,27.2,25.3,True,Back,27.2,25.3,17.8,1.00,StandingSave
2647549845.0,17,0,56,FirstHalf,Chelsea,15,410175,Moisés Caicedo,Pass,Unsuccessful,29.9,29.1,36.1,43.0,True,Back,36.1,43.0,11.5,0.97,StandingSave
2647549851.0,18,0,57,FirstHalf,Man City,167,69778,Kyle Walker,Interception,Successful,62.3,63.8,,,True,Center,,,,,StandingSave
2647549867.0,19,0,58,FirstHalf,Man City,167,73084,Kevin De Bruyne,BallRecovery,Successful,70.6,70.9,,,False,,,,,,
2647549931.0,20,1,1,FirstHalf,Man City,167,73084,Kevin De Bruyne,Pass,Successful,78.2,70.5,82.0,55.7,True,Center,82.0,55.7,10.8,5.09,StandingSave
2647549955.0,21,1,3,FirstHalf,Man City,167,315227,Erling Haaland,Pass,Successful,82.0,55.7,78.8,62.6,True,Center,78.8,62.6,5.8,2.19,StandingSave; ShotAssist=13; IntentionalAssist; KeyPass
2647549975.0,22,1,4,FirstHalf,Man City,167,365409,Julián Alvarez,MissedShots,Successful,78.8,62.6,,,True,Center,,,,,RightFoot; IndividualPlay; StandingSave; RelatedEventId=21; MissRight; GoalMouthZ=1.4; OutOfBoxCentre; RegularPlay; FirstTouch; IntentionalAssist; GoalMouthY=40.5; Assisted
2647550509.0,19,1,28,FirstHalf,Chelsea,15,421351,Levi Colwill,Pass,Successful,5.6,62.3,3.4,52.1,True,Back,3.4,52.1,7.3,4.39,GoalKick
2647550605.0,20,1,31,FirstHalf,Chelsea,15,406564,Djordje Petrovic,Pass,Successful,5.8,53.1,22.0,96.3,True,Back,22.0,96.3,33.9,1.05,Chipped; StandingSave; Longball
2647550657.0,21,1,35,FirstHalf,Chelsea,15,299272,Ben Chilwell,Pass,Unsuccessful,27.0,95.6,43.8,100.0,True,Back,43.8,100.0,18.0,0.19,StandingSave
2647550843.0,26,1,46,FirstHalf,Man City,167,69778,Kyle Walker,Pass,Successful,60.1,0.0,30.7,11.7,True,Back,30.7,11.7,32.2,2.85,ThrowIn; Longball
2647551011.0,27,1,50,FirstHalf,Man City,167,313171,Rúben Dias,Pass,Successful,29.5,11.2,18.2,37.7,True,Back,18.2,37.7,21.6,2.15,StandingSave
2647562751.0,11028,2,,FirstHalf,Chelsea,15,426050,Nicolas Jackson,OffsideGiven,Unsuccessful,58.7,32.7,,,False,,,,,,
2647551047.0,28,2,0,FirstHalf,Man City,167,121774,Ederson,Pass,Successful,22.5,43.5,30.3,38.9,True,Back,30.3,38.9,8.8,5.92,StandingSave
2647551077.0,29,2,1,FirstHalf,Man City,167,297390,Manuel Akanji,Pass,Successful,30.3,38.9,19.1,45.0,True,Back,19.1,45.0,12.5,2.80,StandingSave
2647551101.0,30,2,4,FirstHalf,Man City,167,121774,Ederson,Pass,Successful,19.6,52.3,22.6,81.5,True,Back,22.6,81.5,20.1,1.41,StandingSave
2647551159.0,31,2,7,FirstHalf,Man City,167,122945,Nathan Aké,Pass,Successful,23.9,86.8,32.2,96.8,True,Back,32.2,96.8,11.1,0.66,StandingSave
2647551239.0,32,2,10,FirstHalf,Man City,167,388098,Jérémy Doku,Pass,Successful,32.1,96.4,7.8,81.0,True,Back,7.8,81.0,27.6,3.53,StandingSave
2647551269.0,33,2,13,FirstHalf,Man City,167,121774,Ederson,Pass,Successful,7.8,81.0,14.9,92.0,True,Back,14.9,92.0,10.6,0.79,StandingSave
2647551329.0,34,2,15,FirstHalf,Man City,167,122945,Nathan Aké,Pass,Successful,14.9,92.0,42.7,80.7,True,Back,42.7,80.7,30.2,6.03,Chipped; StandingSave
2647551345.0,35,2,18,FirstHalf,Man City,167,315227,Erling Haaland,Pass,Unsuccessful,42.7,80.7,36.4,68.7,True,Back,36.4,68.7,10.5,4.03,
2647551419.0,23,2,19,FirstHalf,Chelsea,15,369430,Enzo Fernández,Pass,Successful,60.3,36.7,40.1,36.0,True,Back,40.1,36.0,21.2,3.16,Chipped
2647551423.0,24,2,22,FirstHalf,Chelsea,15,421351,Levi Colwill,BallRecovery,Successful,40.0,35.4,,,False,,,,,,
2647551539.0,25,2,22,FirstHalf,Chelsea,15,421351,Levi Colwill,Pass,Successful,38.3,35.4,15.5,46.4,True,Back,15.5,46.4,25.1,2.84,StandingSave
2647551605.0,26,2,29,FirstHalf,Chelsea,15,406564,Djordje Petrovic,Pass,Successful,15.7,44.0,16.0,68.5,True,Back,16.0,68.5,16.7,1.55,StandingSave
2647551667.0,27,2,33,FirstHalf,Chelsea,15,421351,Levi Colwill,Pass,Successful,15.9,70.6,8.1,44.2,True,Back,8.1,44.2,19.7,4.28,StandingSave
2647551751.0,28,2,36,FirstHalf,Chelsea,15,406564,Djordje Petrovic,OffsidePass,Successful,10.5,39.4,58.7,32.7,True,Center,58.7,32.7,,,Longball; PlayerCaughtOffside=426050; StandingSave
2647551729.0,36,2,36,FirstHalf,Man City,167,313171,Rúben Dias,OffsideProvoked,Successful,48.6,56.4,,,False,,,,,,
2647552047.0,37,2,55,FirstHalf,Man City,167,313171,Rúben Dias,Pass,Successful,41.5,61.4,42.5,32.0,True,Back,42.5,32.0,20.0,4.76,FreekickTaken; IndirectFreekickTaken; StandingSave
2647552145.0,38,2,58,FirstHalf,Man City,167,69778,Kyle Walker,Pass,Successful,42.5,33.5,33.4,61.1,True,Back,33.4,61.1,21.1,2.04,StandingSave
2647552191.0,39,3,2,FirstHalf,Man City,167,313171,Rúben Dias,Pass,Successful,34.0,54.3,41.7,62.8,True,Back,41.7,62.8,9.9,0.62,StandingSave
2647552241.0,40,3,4,FirstHalf,Man City,167,365409,Julián Alvarez,Pass,Successful,41.7,62.8,32.3,58.9,True,Back,32.3,58.9,10.2,3.40,StandingSave
2647552275.0,41,3,6,FirstHalf,Man City,167,313171,Rúben Dias,Pass,Successful,32.3,58.9,33.8,85.6,True,Back,33.8,85.6,18.2,1.48,StandingSave
2647552313.0,42,3,8,FirstHalf,Man City,167,122945,Nathan Aké,Pass,Successful,34.4,90.0,44.3,95.7,True,Back,44.3,95.7,11.1,0.36,StandingSave
2647552359.0,43,3,10,FirstHalf,Man City,167,388098,Jérémy Doku,Pass,Successful,43.6,95.7,28.9,95.9,True,Back,28.9,95.9,15.4,3.13,StandingSave
2647552403.0,44,3,13,FirstHalf,Man City,167,122945,Nathan Aké,Pass,Successful,27.7,94.9,9.0,73.6,True,Back,9.0,73.6,24.4,3.78,StandingSave
2647552515.0,45,3,16,FirstHalf,Man City,167,121774,Ederson,Pass,Successful,11.3,67.2,19.0,39.1,True,Back,19.0,39.1,20.7,5.11,StandingSave
2647552607.0,46,3,22,FirstHalf,Man City,167,313171,Rúben Dias,Pass,Successful,23.9,41.0,17.3,57.7,True,Back,17.3,57.7,13.3,2.12,StandingSave
2647552629.0,47,3,25,FirstHalf,Man City,167,121774,Ederson,Pass,Successful,19.0,60.6,23.8,77.6,True,Back,23.8,77.6,12.6,1.16,StandingSave
2647552759.0,48,3,30,FirstHalf,Man City,167,122945,Nathan Aké,Pass,Successful,29.8,77.0,28.0,64.3,True,Back,28.0,64.3,8.8,4.50,StandingSave
2647552857.0,49,3,32,FirstHalf,Man City,167,303139,Rodri,Pass,Successful,27.4,53.1,27.1,14.9,True,Back,27.1,14.9,26.0,4.70,StandingSave
2647552927.0,50,3,37,FirstHalf,Man City,167,69778,Kyle Walker,Pass,Successful,25.1,10.7,30.7,18.8,True,Back,30.7,18.8,8.1,0.75,StandingSave
2647552933.0,51,3,38,FirstHalf,Man City,167,297390,Manuel Akanji,Dispossessed,Successful,30.4,14.6,,,True,Back,,,,,OppositeRelatedEvent=29; Defensive
2647552977.0,29,3,38,FirstHalf,Chelsea,15,375621,Conor Gallagher,Tackle,Successful,69.6,85.4,,,True,Left,,,,,OppositeRelatedEvent=51; StandingSave; Offensive
2647553591.0,33,3,39,FirstHalf,Chelsea,15,299272,Ben Chilwell,BallTouch,Successful,73.1,92.7,,,True,Left,,,,,StandingSave
2647553037.0,53,3,41,FirstHalf,Man City,167,297390,Manuel Akanji,Foul,Successful,30.2,9.1,,,True,Back,,,,,Foul; OppositeRelatedEvent=30; Defensive
2647552987.0,30,3,41,FirstHalf,Chelsea,15,97692,Raheem Sterling,Foul,Unsuccessful,69.8,90.9,,,False,Left,,,,,Offensive; Foul; StandingSave; OppositeRelatedEvent=53
2647553185.0,54,3,49,FirstHalf,Man City,167,297390,Manuel Akanji,Pass,Successful,31.1,13.9,24.9,38.6,True,Back,24.9,38.6,18.0,1.94,StandingSave; FreekickTaken
2647553273.0,55,3,52,FirstHalf,Man City,167,313171,Rúben Dias,Pass,Successful,24.9,38.6,29.0,69.4,True,Back,29.0,69.4,21.4,1.37,StandingSave
2647553293.0,56,4,1,FirstHalf,Man City,167,122945,Nathan Aké,Pass,Successful,33.7,67.2,35.9,59.0,True,Back,35.9,59.0,6.0,5.11,StandingSave
2647553353.0,57,4,2,FirstHalf,Man City,167,297390,Manuel Akanji,Pass,Successful,35.5,61.4,31.0,74.4,True,Back,31.0,74.4,10.0,2.06,StandingSave
2647553433.0,58,4,6,FirstHalf,Man City,167,122945,Nathan Aké,Pass,Successful,31.6,71.1,29.5,43.3,True,Back,29.5,43.3,19.0,4.60,StandingSave
2647553489.0,59,4,11,FirstHalf,Man City,167,313171,Rúben Dias,Pass,Successful,31.4,38.4,32.1,27.1,True,Back,32.1,27.1,7.7,4.81,StandingSave
2647553545.0,60,4,13,FirstHalf,Man City,167,69778,Kyle Walker,Pass,Successful,29.2,31.7,28.5,44.2,True,Back,28.5,44.2,8.5,1.66,StandingSave
2647553579.0,61,4,18,FirstHalf,Man City,167,313171,Rúben Dias,Pass,Successful,28.2,46.2,33.4,40.4,True,Back,33.4,40.4,6.7,5.66,StandingSave
2647553597.0,62,4,20,FirstHalf,Man City,167,297390,Manuel Akanji,Pass,Successful,33.6,42.1,25.1,41.1,True,Back,25.1,41.1,9.0,3.22,StandingSave
2647553745.0,63,4,22,FirstHalf,Man City,167,313171,Rúben Dias,Pass,Successful,25.0,40.6,12.6,56.7,True,Back,12.6,56.7,17.0,2.44,StandingSave
2647553761.0,64,4,29,FirstHalf,Man City,167,121774,Ederson,Pass,Successful,21.7,58.7,22.8,37.6,True,Back,22.8,37.6,14.4,4.79,StandingSave
2647554015.0,65,4,35,FirstHalf,Man City,167,313171,Rúben Dias,Pass,Successful,22.8,37.6,22.3,63.4,True,Back,22.3,63.4,17.6,1.60,StandingSave
2647554043.0,66,4,43,FirstHalf,Man City,167,121774,Ederson,Pass,Successful,31.1,64.8,28.4,42.0,True,Back,28.4,42.0,15.8,4.53,StandingSave
2647554139.0,67,4,47,FirstHalf,Man City,167,313171,Rúben Dias,Pass,Successful,28.4,42.0,26.1,70.4,True,Back,26.1,70.4,19.5,1.70,StandingSave
2647554181.0,68,4,50,FirstHalf,Man City,167,121774,Ederson,Pass,Successful,28.0,67.7,43.2,6.5,True,Back,43.2,6.5,44.6,5.08,Chipped; StandingSave; Longball
2647554229.0,35,4,57,FirstHalf,Chelsea,15,426050,Nicolas Jackson,Challenge,Unsuccessful,66.4,85.6,,,False,Left,,,,,OppositeRelatedEvent=69; Defensive
2647554255.0,69,4,57,FirstHalf,Man City,167,69778,Kyle Walker,TakeOn,Successful,33.6,14.4,,,True,Back,,,,,Offensive; StandingSave; OppositeRelatedEvent=35
2647554345.0,70,5,0,FirstHalf,Man City,167,69778,Kyle Walker,Pass,Successful,28.9,40.6,35.1,40.8,True,Back,35.1,40.8,6.5,0.02,StandingSave
2647554391.0,71,5,6,FirstHalf,Man City,167,303139,Rodri,Pass,Unsuccessful,54.1,66.5,76.4,29.1,True,Center,76.4,29.1,34.6,5.46,Longball; StandingSave; Chipped
2647554433.0,36,5,8,FirstHalf,Chelsea,15,299272,Ben Chilwell,Pass,Successful,22.8,72.6,31.7,73.9,True,Back,31.7,73.9,9.4,0.09,HeadPass
2647554443.0,37,5,10,FirstHalf,Chelsea,15,97692,Raheem Sterling,BallRecovery,Successful,31.7,73.9,,,False,,,,,,
2647554597.0,38,5,13,FirstHalf,Chelsea,15,97692,Raheem Sterling,Pass,Successful,46.4,91.7,66.4,86.8,True,Left,66.4,86.8,21.3,6.13,StandingSave
2647554605.0,39,5,16,FirstHalf,Chelsea,15,426050,Nicolas Jackson,Dispossessed,Successful,70.8,90.2,,,True,Left,,,,,Offensive; OppositeRelatedEvent=72
2647554645.0,72,5,17,FirstHalf,Man City,167,313171,Rúben Dias,Tackle,Unsuccessful,29.2,9.8,,,True,Back,,,,,StandingSave; OppositeRelatedEvent=39; Defensive
2647559725.0,89,5,20,FirstHalf,Chelsea,15,426050,Nicolas Jackson,BallTouch,Successful,70.0,93.0,,,True,Left,,,,,StandingSave
2647554691.0,41,5,20,FirstHalf,Chelsea,15,97692,Raheem Sterling,Dispossessed,Successful,63.8,88.6,,,True,Left,,,,,OppositeRelatedEvent=73; Offensive
2647554755.0,73,5,21,FirstHalf,Man City,167,313171,Rúben Dias,Tackle,Unsuccessful,36.2,11.4,,,True,Back,,,,,Defensive; OppositeRelatedEvent=41; StandingSave
2647560075.0,90,5,21,FirstHalf,Chelsea,15,97692,Raheem Sterling,BallTouch,Successful,68.5,92.9,,,True,Left,,,,,StandingSave
2647554777.0,74,5,22,FirstHalf,Man City,167,73084,Kevin De Bruyne,Pass,Unsuccessful,45.3,17.4,41.2,20.8,True,Back,41.2,20.8,4.9,2.65,OppositeRelatedEvent=42; Offensive; StandingSave
2647554759.0,42,5,22,FirstHalf,Chelsea,15,369430,Enzo Fernández,BlockedPass,Successful,65.3,86.2,,,True,Left,,,,,StandingSave; OppositeRelatedEvent=74; Defensive
2647554791.0,43,5,23,FirstHalf,Chelsea,15,299272,Ben Chilwell,Pass,Successful,61.6,94.7,68.5,94.7,True,Left,68.5,94.7,7.2,0.00,StandingSave
2647554797.0,44,5,25,FirstHalf,Chelsea,15,97692,Raheem Sterling,Dispossessed,Successful,66.0,89.8,,,True,Left,,,,,Offensive; OppositeRelatedEvent=76
2647554823.0,76,5,26,FirstHalf,Man City,167,331254,Phil Foden,Tackle,Unsuccessful,34.0,10.2,,,True,Back,,,,,Defensive; StandingSave; OppositeRelatedEvent=44
2647555849.0,53,5,26,FirstHalf,Chelsea,15,97692,Raheem Sterling,BallTouch,Successful,64.1,96.3,,,True,Left,,,,,StandingSave
2647555981.0,92,5,26,FirstHalf,Man City,167,313171,Rúben Dias,BallTouch,Successful,33.5,9.7,,,True,Back,,,,,StandingSave
2647554845.0,45,5,27,FirstHalf,Chelsea,15,97692,Raheem Sterling,Pass,Unsuccessful,67.4,85.0,67.9,82.7,True,Left,67.9,82.7,1.6,5.04,StandingSave; Offensive; OppositeRelatedEvent=77
2647554859.0,77,5,28,FirstHalf,Man City,167,303139,Rodri,BlockedPass,Successful,34.7,20.5,,,True,Back,,,,,Defensive; StandingSave; OppositeRelatedEvent=45
2647554869.0,78,5,28,FirstHalf,Man City,167,331254,Phil Foden,BallRecovery,Successful,37.1,12.4,,,False,,,,,,
2647672491.0,1119,5,29,FirstHalf,Man City,167,331254,Phil Foden,TakeOn,Unsuccessful,37.4,6.6,,,True,Back,,,,,Offensive; StandingSave
2647554887.0,79,5,30,FirstHalf,Man City,167,331254,Phil Foden,Foul,Successful,36.0,6.0,,,True,Back,,,,,OppositeRelatedEvent=46; Foul; Offensive
2647554883.0,46,5,30,FirstHalf,Chelsea,15,369430,Enzo Fernández,Foul,Unsuccessful,64.0,94.0,,,False,Left,,,,,StandingSave; Defensive; OppositeRelatedEvent=79; Foul
2647555079.0,80,5,41,FirstHalf,Man City,167,73084,Kevin De Bruyne,Pass,Successful,42.7,9.5,34.2,24.5,True,Back,34.2,24.5,13.6,2.29,StandingSave; FreekickTaken
2647555163.0,81,5,43,FirstHalf,Man City,167,297390,Manuel Akanji,Pass,Successful,34.6,27.3,32.8,60.4,True,Back,32.8,60.4,22.6,1.65,StandingSave
2647555217.0,82,5,48,FirstHalf,Man City,167,313171,Rúben Dias,Pass,Successful,34.3,60.9,42.2,39.3,True,Back,42.2,39.3,16.9,5.23,StandingSave
2647555277.0,83,5,51,FirstHalf,Man City,167,297390,Manuel Akanji,Pass,Successful,46.5,41.6,66.6,52.3,True,Center,66.6,52.3,22.3,0.33,StandingSave
2647555315.0,84,5,53,FirstHalf,Man City,167,315227,Erling Haaland,Pass,Successful,66.6,52.3,69.1,36.0,True,Center,69.1,36.0,11.4,4.94,StandingSave
2647555407.0,85,5,55,FirstHalf,Man City,167,73084,Kevin De Bruyne,Pass,Successful,70.8,32.8,86.3,21.0,True,Right,86.3,21.0,18.1,5.83,StandingSave
2647555421.0,86,5,58,FirstHalf,Man City,167,331254,Phil Foden,Dispossessed,Successful,89.8,26.8,,,True,Center,,,,,Offensive; OppositeRelatedEvent=47
2647555415.0,47,5,59,FirstHalf,Chelsea,15,369430,Enzo Fernández,Tackle,Unsuccessful,10.2,73.2,,,True,Back,,,,,OppositeRelatedEvent=86; Defensive; StandingSave
2647555427.0,87,6,0,FirstHalf,Man City,167,331254,Phil Foden,Dispossessed,Successful,89.6,26.6,,,True,Center,,,,,Offensive; OppositeRelatedEvent=48
2647555447.0,48,6,0,FirstHalf,Chelsea,15,369430,Enzo Fernández,Tackle,Unsuccessful,10.4,73.4,,,True,Back,,,,,StandingSave; Defensive; OppositeRelatedEvent=87
2647555473.0,88,6,1,FirstHalf,Man City,167,331254,Phil Foden,Dispossessed,Successful,85.6,14.2,,,True,Right,,,,,Offensive; OppositeRelatedEvent=49
2647555539.0,49,6,2,FirstHalf,Chelsea,15,299272,Ben Chilwell,Tackle,Successful,14.4,85.8,,,True,Back,,,,,Defensive; StandingSave; OppositeRelatedEvent=88
2647569335.0,199,6,4,FirstHalf,Chelsea,15,299272,Ben Chilwell,Dispossessed,Successful,27.1,90.2,,,True,Back,,,,,OppositeRelatedEvent=239; Defensive
2647569201.0,239,6,4,FirstHalf,Man City,167,331254,Phil Foden,Tackle,Unsuccessful,72.9,9.8,,,True,Right,,,,,Offensive; StandingSave; OppositeRelatedEvent=199
2647555547.0,50,6,6,FirstHalf,Chelsea,15,299272,Ben Chilwell,BallRecovery,Successful,25.9,95.9,,,False,,,,,,
2647555593.0,51,6,6,FirstHalf,Chelsea,15,299272,Ben Chilwell,Pass,Unsuccessful,25.0,96.6,26.1,97.2,True,Back,26.1,97.2,1.2,0.34,OppositeRelatedEvent=90; Offensive; StandingSave
2647555565.0,90,6,6,FirstHalf,Man City,167,331254,Phil Foden,BlockedPass,Successful,80.2,3.6,,,True,Right,,,,,OppositeRelatedEvent=51; Defensive; StandingSave
2647555977.0,54,6,26,FirstHalf,Chelsea,15,299272,Ben Chilwell,Pass,Successful,30.2,100.0,30.1,90.0,True,Back,30.1,90.0,7.7,4.70,ThrowIn
2647556007.0,55,6,28,FirstHalf,Chelsea,15,410175,Moisés Caicedo,Pass,Successful,30.1,90.0,30.0,97.7,True,Back,30.0,97.7,5.2,1.59,StandingSave
2647556021.0,56,6,29,FirstHalf,Chelsea,15,299272,Ben Chilwell,Pass,Successful,30.0,97.7,25.2,89.7,True,Back,25.2,89.7,7.4,3.97,StandingSave
2647556075.0,57,6,31,FirstHalf,Chelsea,15,410175,Moisés Caicedo,Pass,Successful,28.0,86.3,10.5,83.0,True,Back,10.5,83.0,18.5,3.26,StandingSave
2647556125.0,58,6,33,FirstHalf,Chelsea,15,421351,Levi Colwill,Pass,Successful,10.8,76.9,6.2,53.1,True,Back,6.2,53.1,16.9,4.42,StandingSave
2647556191.0,59,6,36,FirstHalf,Chelsea,15,406564,Djordje Petrovic,Pass,Successful,7.4,46.7,9.6,22.8,True,Back,9.6,22.8,16.4,4.85,StandingSave
2647556227.0,60,6,40,FirstHalf,Chelsea,15,300426,Axel Disasi,Pass,Successful,15.7,17.3,45.1,40.9,True,Back,45.1,40.9,34.8,0.48,Longball; StandingSave; Chipped
2647556277.0,61,6,42,FirstHalf,Chelsea,15,426050,Nicolas Jackson,Pass,Successful,45.1,40.9,46.4,32.2,True,Back,46.4,32.2,6.1,4.94,StandingSave
2647556405.0,62,6,45,FirstHalf,Chelsea,15,375621,Conor Gallagher,Pass,Successful,54.0,22.5,63.3,4.7,True,Right,63.3,4.7,15.6,5.39,StandingSave
2647556423.0,63,6,53,FirstHalf,Chelsea,15,395692,Cole Palmer,Pass,Successful,68.9,22.5,80.4,38.9,True,Center,80.4,38.9,16.4,0.75,StandingSave
2647556461.0,64,6,54,FirstHalf,Chelsea,15,369430,Enzo Fernández,Pass,Successful,80.4,38.9,95.9,29.5,True,Center,95.9,29.5,17.5,5.91,StandingSave
2647556493.0,65,6,57,FirstHalf,Chelsea,15,375621,Conor Gallagher,Pass,Unsuccessful,95.9,29.7,95.3,53.0,True,Center,95.3,53.0,15.9,1.61,StandingSave
2647556567.0,93,6,58,FirstHalf,Man City,167,69778,Kyle Walker,Clearance,Successful,4.6,45.9,14.3,89.3,True,Back,14.3,89.3,31.2,1.24,StandingSave
2647556569.0,94,7,0,FirstHalf,Man City,167,388098,Jérémy Doku,BallRecovery,Successful,14.5,92.4,,,False,,,,,,
2647556595.0,95,7,2,FirstHalf,Man City,167,388098,Jérémy Doku,TakeOn,Unsuccessful,14.7,94.4,,,True,Back,,,,,OppositeRelatedEvent=66; StandingSave; Defensive
2647556613.0,66,7,3,FirstHalf,Chelsea,15,403850,Malo Gusto,Tackle,Successful,85.3,5.6,,,True,Right,,,,,Offensive; OppositeRelatedEvent=95; StandingSave
2647557041.0,97,7,23,FirstHalf,Man City,167,122945,Nathan Aké,Pass,Successful,17.9,100.0,27.8,89.5,True,Back,27.8,89.5,13.2,5.62,ThrowIn
2647743493.0,1127,7,24,FirstHalf,Man City,167,365409,Julián Alvarez,Pass,Successful,25.3,89.9,21.1,96.8,True,Back,21.1,96.8,6.4,2.33,StandingSave
2647743535.0,1128,7,25,FirstHalf,Man City,167,122945,Nathan Aké,Pass,Unsuccessful,21.1,96.8,45.6,81.0,True,Back,45.6,81.0,27.9,5.89,StandingSave; Longball
2647557069.0,68,7,27,FirstHalf,Chelsea,15,300426,Axel Disasi,Pass,Successful,59.0,14.4,66.3,22.4,True,Center,66.3,22.4,9.4,0.62,HeadPass
2647557075.0,69,7,28,FirstHalf,Chelsea,15,410175,Moisés Caicedo,BallRecovery,Successful,64.7,22.8,,,False,,,,,,
2647557085.0,70,7,29,FirstHalf,Chelsea,15,410175,Moisés Caicedo,Pass,Successful,64.7,22.8,64.0,28.6,True,Center,64.0,28.6,4.0,1.76,StandingSave
2647557109.0,71,7,30,FirstHalf,Chelsea,15,369430,Enzo Fernández,Pass,Successful,64.0,28.6,70.5,29.5,True,Center,70.5,29.5,6.9,0.09,StandingSave
2647557189.0,72,7,31,FirstHalf,Chelsea,15,375621,Conor Gallagher,Pass,Successful,70.5,29.5,67.4,38.3,True,Center,67.4,38.3,6.8,2.07,StandingSave
2647557195.0,73,7,34,FirstHalf,Chelsea,15,97692,Raheem Sterling,BallTouch,Unsuccessful,73.1,43.3,,,True,Center,,,,,StandingSave
2647557243.0,98,7,36,FirstHalf,Man City,167,331254,Phil Foden,BallRecovery,Successful,23.1,39.6,,,False,,,,,,
2647557251.0,99,7,36,FirstHalf,Man City,167,331254,Phil Foden,Pass,Unsuccessful,23.1,39.6,25.0,40.3,True,Back,25.0,40.3,2.1,0.23,StandingSave; OppositeRelatedEvent=74; Offensive
2647557235.0,74,7,36,FirstHalf,Chelsea,15,97692,Raheem Sterling,BlockedPass,Successful,73.1,50.6,,,True,Center,,,,,OppositeRelatedEvent=99; StandingSave; Defensive
2647557265.0,75,7,37,FirstHalf,Chelsea,15,375621,Conor Gallagher,BallTouch,Unsuccessful,69.8,48.1,,,True,Center,,,,,StandingSave
2647558297.0,103,7,37,FirstHalf,Man City,167,303139,Rodri,Pass,Successful,27.0,46.0,20.6,38.6,True,Back,20.6,38.6,8.4,3.78,StandingSave
2647557319.0,100,7,39,FirstHalf,Man City,167,69778,Kyle Walker,Pass,Successful,19.2,41.6,3.8,56.3,True,Back,3.8,56.3,19.0,2.59,StandingSave
2647557403.0,101,7,41,FirstHalf,Man City,167,121774,Ederson,Pass,Unsuccessful,3.8,56.3,63.7,80.0,True,Left,63.7,80.0,64.9,0.25,Longball; StandingSave
2647557429.0,76,7,45,FirstHalf,Chelsea,15,403850,Malo Gusto,BallTouch,Unsuccessful,39.1,17.7,,,True,Back,,,,,StandingSave
2647557453.0,102,7,48,FirstHalf,Man City,167,388098,Jérémy Doku,Foul,Successful,60.8,79.3,,,True,Left,,,,,Offensive; Foul; OppositeRelatedEvent=77
2647557459.0,77,7,48,FirstHalf,Chelsea,15,403850,Malo Gusto,Foul,Unsuccessful,39.2,20.7,,,False,Back,,,,,Defensive; OppositeRelatedEvent=102; Foul
2647558691.0,104,8,59,FirstHalf,Man City,167,331254,Phil Foden,Pass,Unsuccessful,64.6,79.3,85.0,52.3,True,Center,85.0,52.3,28.2,5.57,StandingSave; LeftFoot; Chipped; FreekickTaken; Cross
2647558735.0,78,9,0,FirstHalf,Chelsea,15,410175,Moisés Caicedo,Clearance,Successful,16.3,46.4,24.8,59.0,True,Back,24.8,59.0,12.4,0.76,Head
2647558769.0,105,9,3,FirstHalf,Man City,167,365409,Julián Alvarez,SavedShot,Successful,75.8,36.9,,,True,Center,,,,,StandingSave; SetPiece; Blocked; GoalMouthZ=19; GoalMouthY=49.7; OutOfBoxCentre; OppositeRelatedEvent=79; BlockedX=90.3; RightFoot; IndividualPlay; LowCentre; BlockedY=44.6
2647558797.0,79,9,4,FirstHalf,Chelsea,15,369430,Enzo Fernández,Save,Successful,8.9,54.5,,,True,Back,,,,,OppositeRelatedEvent=105; StandingSave; OutfielderBlock; Head
2647558905.0,80,9,7,FirstHalf,Chelsea,15,406564,Djordje Petrovic,BallTouch,Unsuccessful,7.2,51.3,,,True,Back,,,,,
2647558897.0,106,9,8,FirstHalf,Man City,167,313171,Rúben Dias,Aerial,Successful,89.2,49.9,,,False,Center,,,,,Offensive; OppositeRelatedEvent=82
2647558963.0,82,9,8,FirstHalf,Chelsea,15,421351,Levi Colwill,Aerial,Unsuccessful,10.8,50.1,,,False,Back,,,,,Defensive; OppositeRelatedEvent=106
2647558911.0,107,9,8,FirstHalf,Man City,167,313171,Rúben Dias,SavedShot,Successful,89.9,51.9,,,True,Center,,,,,OppositeRelatedEvent=81; BoxCentre; Head; BlockedX=95.6; GoalMouthY=50.1; LowCentre; SetPiece; BlockedY=50.9; FirstTouch; GoalMouthZ=19.0
2647558921.0,81,9,9,FirstHalf,Chelsea,15,406564,Djordje Petrovic,Save,Successful,3.9,49.7,,,True,Back,,,,,Collected; OppositeRelatedEvent=107; Hands; StandingSave; KeeperSaveInTheBox
2647675197.0,715,9,9,FirstHalf,Chelsea,15,406564,Djordje Petrovic,KeeperPickup,Successful,4.0,52.2,,,False,,,,,,StandingSave
2647559211.0,83,9,21,FirstHalf,Chelsea,15,406564,Djordje Petrovic,Pass,Successful,6.5,52.3,9.8,32.9,True,Back,9.8,32.9,13.6,4.97,KeeperThrow; StandingSave
2647743785.0,725,9,23,FirstHalf,Chelsea,15,300426,Axel Disasi,Pass,Successful,12.7,29.4,2.4,45.2,True,Back,2.4,45.2,15.2,2.36,StandingSave
2647743809.0,726,9,26,FirstHalf,Chelsea,15,406564,Djordje Petrovic,Pass,Successful,2.4,45.2,5.0,75.5,True,Back,5.0,75.5,20.8,1.44,StandingSave
2647559223.0,84,9,28,FirstHalf,Chelsea,15,421351,Levi Colwill,Pass,Successful,3.7,75.7,32.3,82.9,True,Back,32.3,82.9,30.4,0.16,StandingSave
2647559247.0,85,9,30,FirstHalf,Chelsea,15,375621,Conor Gallagher,Pass,Successful,32.4,82.9,27.5,97.7,True,Back,27.5,97.7,11.3,2.04,StandingSave
2647559255.0,86,9,32,FirstHalf,Chelsea,15,299272,Ben Chilwell,Pass,Unsuccessful,29.4,97.7,42.8,97.1,True,Back,42.8,97.1,14.1,6.25,StandingSave
2647559291.0,108,9,33,FirstHalf,Man City,167,297390,Manuel Akanji,Interception,Successful,59.3,1.0,,,True,Right,,,,,StandingSave
2647559561.0,88,9,47,FirstHalf,Chelsea,15,299272,Ben Chilwell,Pass,Unsuccessful,49.3,100.0,52.6,83.6,True,Left,52.6,83.6,12.3,5.00,ThrowIn
2647744031.0,1129,9,48,FirstHalf,Man City,167,303139,Rodri,BallTouch,Successful,48.2,14.7,,,True,Back,,,,,StandingSave
2647559539.0,110,9,50,FirstHalf,Man City,167,365409,Julián Alvarez,BallRecovery,Successful,57.5,26.1,,,False,,,,,,
2647559589.0,111,9,53,FirstHalf,Man City,167,365409,Julián Alvarez,Pass,Successful,61.2,22.7,75.8,11.4,True,Right,75.8,11.4,17.1,5.82,StandingSave
2647559627.0,112,9,55,FirstHalf,Man City,167,73084,Kevin De Bruyne,Pass,Successful,75.7,11.4,79.6,21.0,True,Right,79.6,21.0,7.7,1.01,StandingSave
2647559681.0,113,9,58,FirstHalf,Man City,167,331254,Phil Foden,Pass,Successful,78.8,13.9,69.0,11.5,True,Right,69.0,11.5,10.4,3.30,StandingSave
2647559741.0,114,10,1,FirstHalf,Man City,167,69778,Kyle Walker,Pass,Successful,66.9,11.4,75.5,4.4,True,Right,75.5,4.4,10.2,5.80,StandingSave
2647559771.0,115,10,5,FirstHalf,Man City,167,73084,Kevin De Bruyne,Pass,Successful,75.0,10.2,67.8,18.0,True,Right,67.8,18.0,9.2,2.53,StandingSave
2647559793.0,116,10,7,FirstHalf,Man City,167,69778,Kyle Walker,Pass,Successful,65.0,21.2,57.7,28.9,True,Center,57.7,28.9,9.3,2.54,StandingSave
2647559805.0,117,10,9,FirstHalf,Man City,167,297390,Manuel Akanji,Pass,Successful,57.7,28.9,67.3,36.4,True,Center,67.3,36.4,11.3,0.47,StandingSave
2647559817.0,118,10,10,FirstHalf,Man City,167,365409,Julián Alvarez,Pass,Successful,67.3,36.4,57.4,31.7,True,Center,57.4,31.7,10.9,3.44,StandingSave; LayOff
2647559879.0,119,10,13,FirstHalf,Man City,167,297390,Manuel Akanji,Pass,Successful,61.8,28.8,73.3,5.9,True,Right,73.3,5.9,19.7,5.37,StandingSave
2647559933.0,120,10,16,FirstHalf,Man City,167,73084,Kevin De Bruyne,Pass,Successful,77.2,10.2,74.2,46.2,True,Center,74.2,46.2,24.7,1.70,StandingSave
2647560057.0,121,10,19,FirstHalf,Man City,167,365409,Julián Alvarez,Pass,Successful,74.5,50.1,79.0,80.0,True,Left,79.0,80.0,20.9,1.34,StandingSave
2647560111.0,122,10,24,FirstHalf,Man City,167,388098,Jérémy Doku,Pass,Successful,78.5,78.8,64.3,81.9,True,Left,64.3,81.9,15.1,3.00,StandingSave
2647560235.0,123,10,27,FirstHalf,Man City,167,122945,Nathan Aké,Pass,Successful,72.4,77.0,77.7,90.8,True,Left,77.7,90.8,10.9,1.04,StandingSave
2647560275.0,124,10,35,FirstHalf,Man City,167,388098,Jérémy Doku,Pass,Successful,90.8,88.5,76.2,77.5,True,Center,76.2,77.5,17.1,3.60,StandingSave
2647560283.0,125,10,36,FirstHalf,Man City,167,365409,Julián Alvarez,BallTouch,Unsuccessful,76.2,77.5,,,True,Center,,,,,StandingSave
2647560291.0,91,10,37,FirstHalf,Chelsea,15,375621,Conor Gallagher,BallRecovery,Successful,25.9,29.4,,,False,,,,,,
2647560371.0,92,10,40,FirstHalf,Chelsea,15,375621,Conor Gallagher,Pass,Successful,34.7,17.6,48.6,7.3,True,Back,48.6,7.3,16.2,5.84,StandingSave
2647560419.0,93,10,43,FirstHalf,Chelsea,15,426050,Nicolas Jackson,Pass,Unsuccessful,56.4,10.6,84.9,26.4,True,Center,84.9,26.4,31.8,0.34,StandingSave
2647560425.0,126,10,45,FirstHalf,Man City,167,121774,Ederson,KeeperPickup,Successful,14.4,70.5,,,False,,,,,,StandingSave
2647560527.0,127,10,47,FirstHalf,Man City,167,121774,Ederson,Pass,Successful,14.4,70.5,28.0,50.9,True,Back,28.0,50.9,19.5,5.53,StandingSave; KeeperThrow
2647560655.0,128,10,52,FirstHalf,Man City,167,297390,Manuel Akanji,Pass,Successful,33.0,48.1,40.4,20.5,True,Back,40.4,20.5,20.3,5.10,StandingSave
2647560693.0,129,10,59,FirstHalf,Man City,167,73084,Kevin De Bruyne,Pass,Successful,71.0,11.0,77.0,7.5,True,Right,77.0,7.5,6.7,5.92,StandingSave
2647560745.0,130,11,1,FirstHalf,Man City,167,331254,Phil Foden,Pass,Successful,77.0,7.5,64.6,16.6,True,Right,64.6,16.6,14.4,2.70,StandingSave
2647560783.0,131,11,4,FirstHalf,Man City,167,297390,Manuel Akanji,Pass,Successful,64.6,16.6,57.0,35.5,True,Center,57.0,35.5,15.1,2.13,StandingSave
2647560923.0,132,11,7,FirstHalf,Man City,167,303139,Rodri,Pass,Successful,58.8,34.5,58.3,69.2,True,Center,58.3,69.2,23.6,1.59,StandingSave
2647560971.0,133,11,15,FirstHalf,Man City,167,122945,Nathan Aké,Pass,Successful,65.4,62.8,57.9,38.9,True,Center,57.9,38.9,18.1,4.26,StandingSave
2647561039.0,134,11,17,FirstHalf,Man City,167,69778,Kyle Walker,Pass,Successful,58.5,35.2,73.8,8.5,True,Right,73.8,8.5,24.2,5.44,StandingSave
2647561079.0,135,11,21,FirstHalf,Man City,167,331254,Phil Foden,Pass,Successful,73.8,8.5,72.6,20.8,True,Right,72.6,20.8,8.5,1.72,StandingSave
2647561091.0,136,11,21,FirstHalf,Man City,167,73084,Kevin De Bruyne,Pass,Successful,72.6,20.8,74.8,11.7,True,Right,74.8,11.7,6.6,5.07,StandingSave
2647561097.0,137,11,22,FirstHalf,Man City,167,331254,Phil Foden,Pass,Successful,74.8,11.7,63.8,16.6,True,Right,63.8,16.6,12.0,2.86,StandingSave
2647561185.0,138,11,25,FirstHalf,Man City,167,69778,Kyle Walker,Pass,Successful,63.8,18.0,61.8,65.8,True,Center,61.8,65.8,32.6,1.64,Longball; StandingSave
2647561201.0,139,11,28,FirstHalf,Man City,167,122945,Nathan Aké,Pass,Successful,63.4,70.9,70.8,94.6,True,Left,70.8,94.6,17.9,1.12,StandingSave
2647561221.0,140,11,30,FirstHalf,Man City,167,388098,Jérémy Doku,Pass,Successful,70.8,94.6,93.6,77.0,True,Center,93.6,77.0,26.8,5.82,StandingSave
2647561269.0,141,11,32,FirstHalf,Man City,167,365409,Julián Alvarez,Pass,Successful,93.6,77.0,91.3,47.5,True,Center,91.3,47.5,20.2,4.59,StandingSave; Cross; IntentionalAssist; ShotAssist=13; LeftFoot; Chipped; BigChanceCreated; KeyPass
2647561355.0,144,11,33,FirstHalf,Man City,167,315227,Erling Haaland,Aerial,Successful,93.2,46.6,,,False,Center,,,,,Offensive; OppositeRelatedEvent=94
2647561259.0,94,11,33,FirstHalf,Chelsea,15,421351,Levi Colwill,Aerial,Unsuccessful,6.8,53.4,,,False,Back,,,,,OppositeRelatedEvent=144; Defensive
2647561285.0,142,11,34,FirstHalf,Man City,167,315227,Erling Haaland,MissedShots,Successful,92.4,49.1,,,True,Center,,,,,FirstTouch; Assisted; BigChance; BoxCentre; GoalMouthY=43.0; IntentionalAssist; GoalMouthZ=58.3; RelatedEventId=141; Head; RegularPlay
2647561819.0,96,11,58,FirstHalf,Chelsea,15,410175,Moisés Caicedo,Pass,Successful,5.0,59.9,4.3,48.9,True,Back,4.3,48.9,7.5,4.61,GoalKick
2647744553.0,727,12,6,FirstHalf,Chelsea,15,406564,Djordje Petrovic,Pass,Unsuccessful,9.2,51.9,36.1,100.0,True,Back,36.1,100.0,44.1,0.88,Chipped; Longball; StandingSave
2647561975.0,146,12,26,FirstHalf,Man City,167,69778,Kyle Walker,Pass,Successful,63.3,0.0,70.2,11.7,True,Right,70.2,11.7,11.4,0.88,ThrowIn
2647561985.0,147,12,27,FirstHalf,Man City,167,331254,Phil Foden,Pass,Successful,70.2,11.7,63.9,6.1,True,Right,63.9,6.1,7.6,3.66,StandingSave
2647561997.0,148,12,29,FirstHalf,Man City,167,69778,Kyle Walker,Pass,Successful,63.9,6.1,64.1,19.3,True,Right,64.1,19.3,9.0,1.55,StandingSave
2647562005.0,149,12,31,FirstHalf,Man City,167,331254,Phil Foden,TakeOn,Unsuccessful,62.2,18.8,,,True,Right,,,,,Offensive; StandingSave; OppositeRelatedEvent=98
2647562017.0,98,12,31,FirstHalf,Chelsea,15,369430,Enzo Fernández,Tackle,Unsuccessful,37.8,81.2,,,True,Back,,,,,OppositeRelatedEvent=149; Defensive; StandingSave
2647562037.0,150,12,32,FirstHalf,Man City,167,303139,Rodri,Pass,Unsuccessful,56.8,25.6,54.7,23.3,True,Center,54.7,23.3,2.7,3.76,StandingSave; Offensive; OppositeRelatedEvent=110
2647563429.0,110,12,32,FirstHalf,Chelsea,15,426050,Nicolas Jackson,BlockedPass,Successful,45.0,67.8,,,True,Back,,,,,Defensive; StandingSave; OppositeRelatedEvent=150
2647562063.0,100,12,33,FirstHalf,Chelsea,15,369430,Enzo Fernández,BallRecovery,Successful,40.5,69.0,,,False,,,,,,
2647562043.0,99,12,33,FirstHalf,Chelsea,15,369430,Enzo Fernández,Pass,Unsuccessful,38.3,75.7,40.5,73.3,True,Back,40.5,73.3,2.8,5.67,Offensive; StandingSave; OppositeRelatedEvent=151
2647562071.0,151,12,33,FirstHalf,Man City,167,303139,Rodri,BlockedPass,Successful,55.1,23.0,,,True,Center,,,,,Defensive; StandingSave; OppositeRelatedEvent=99
2647562079.0,101,12,34,FirstHalf,Chelsea,15,375621,Conor Gallagher,Pass,Successful,40.5,69.0,52.1,74.5,True,Center,52.1,74.5,12.7,0.30,StandingSave
2647562155.0,102,12,36,FirstHalf,Chelsea,15,369430,Enzo Fernández,Pass,Successful,54.0,75.7,71.6,82.7,True,Left,71.6,82.7,19.1,0.25,StandingSave; ShotAssist=15; KeyPass
2647562159.0,103,12,40,FirstHalf,Chelsea,15,97692,Raheem Sterling,SavedShot,Successful,81.9,69.9,,,True,Center,,,,,IndividualPlay; GoalMouthZ=0.6; FastBreak; RelatedEventId=102; BlockedY=52.9; OppositeRelatedEvent=152; StandingSave; RightFoot; OutOfBoxCentre; GoalMouthY=46.5; LowRight; Assisted; BlockedX=97.8
2647562175.0,152,12,41,FirstHalf,Man City,167,121774,Ederson,Save,Successful,3.9,48.7,,,True,Back,,,,,Collected; DivingSave; OppositeRelatedEvent=103; Hands; KeeperSaveObox
2647562189.0,153,12,41,FirstHalf,Man City,167,121774,Ederson,KeeperPickup,Successful,3.9,48.7,,,False,,,,,,
2647562357.0,154,12,49,FirstHalf,Man City,167,121774,Ederson,Pass,Successful,9.7,44.8,11.7,59.7,True,Back,11.7,59.7,10.3,1.37,StandingSave; KeeperThrow
2647562381.0,155,12,53,FirstHalf,Man City,167,313171,Rúben Dias,Pass,Successful,18.8,57.2,22.1,27.8,True,Back,22.1,27.8,20.3,4.88,StandingSave
2647562395.0,156,12,56,FirstHalf,Man City,167,69778,Kyle Walker,Pass,Successful,22.1,27.8,22.9,54.7,True,Back,22.9,54.7,18.3,1.52,StandingSave
2647562421.0,157,12,59,FirstHalf,Man City,167,313171,Rúben Dias,Pass,Successful,22.9,54.7,25.4,81.9,True,Back,25.4,81.9,18.7,1.43,StandingSave
2647562471.0,158,13,1,FirstHalf,Man City,167,122945,Nathan Aké,Pass,Successful,25.4,81.7,42.6,93.4,True,Back,42.6,93.4,19.7,0.41,StandingSave
2647562501.0,159,13,6,FirstHalf,Man City,167,388098,Jérémy Doku,Pass,Successful,41.7,68.5,38.7,54.3,True,Back,38.7,54.3,10.2,4.40,StandingSave
2647562619.0,160,13,8,FirstHalf,Man City,167,297390,Manuel Akanji,Pass,Successful,38.1,50.4,61.4,5.8,True,Right,61.4,5.8,39.0,5.39,Longball; StandingSave
2647562637.0,161,13,14,FirstHalf,Man City,167,331254,Phil Foden,Pass,Successful,77.0,16.6,89.1,14.6,True,Right,89.1,14.6,12.8,6.18,StandingSave
2647562715.0,162,13,15,FirstHalf,Man City,167,73084,Kevin De Bruyne,Pass,Successful,89.1,14.6,86.6,89.7,True,Left,86.6,89.7,51.1,1.62,RightFoot; Chipped; StandingSave; Cross; Longball
2647562755.0,163,13,22,FirstHalf,Man City,167,388098,Jérémy Doku,Pass,Successful,86.8,89.7,73.8,77.8,True,Center,73.8,77.8,15.9,3.68,StandingSave
2647562801.0,164,13,24,FirstHalf,Man City,167,365409,Julián Alvarez,Pass,Successful,71.2,69.7,63.8,76.3,True,Center,63.8,76.3,9.0,2.62,StandingSave
2647562819.0,165,13,26,FirstHalf,Man City,167,122945,Nathan Aké,Pass,Successful,63.8,76.3,68.6,66.3,True,Center,68.6,66.3,8.5,5.35,StandingSave
2647562831.0,166,13,27,FirstHalf,Man City,167,365409,Julián Alvarez,Pass,Successful,68.6,66.3,69.9,56.7,True,Center,69.9,56.7,6.7,4.92,StandingSave
2647562909.0,167,13,29,FirstHalf,Man City,167,303139,Rodri,Pass,Successful,68.7,53.1,76.1,21.3,True,Center,76.1,21.3,23.0,5.06,StandingSave; Chipped
2647562923.0,168,13,34,FirstHalf,Man City,167,73084,Kevin De Bruyne,Pass,Unsuccessful,77.7,27.1,86.1,57.7,True,Center,86.1,57.7,22.6,1.17,StandingSave
2647562945.0,104,13,35,FirstHalf,Chelsea,15,403850,Malo Gusto,Pass,Successful,16.0,41.3,21.8,52.2,True,Back,21.8,52.2,9.6,0.88,
2647562955.0,105,13,36,FirstHalf,Chelsea,15,375621,Conor Gallagher,BallRecovery,Successful,21.9,51.3,,,False,,,,,,
2647562963.0,106,13,36,FirstHalf,Chelsea,15,375621,Conor Gallagher,Pass,Successful,21.9,51.3,20.5,35.8,True,Back,20.5,35.8,10.6,4.57,StandingSave
2647562987.0,107,13,38,FirstHalf,Chelsea,15,403850,Malo Gusto,Pass,Successful,20.5,35.8,15.4,41.8,True,Back,15.4,41.8,6.7,2.49,StandingSave
2647563047.0,108,13,39,FirstHalf,Chelsea,15,300426,Axel Disasi,Pass,Successful,15.4,41.5,36.8,29.2,True,Back,36.8,29.2,24.0,5.93,StandingSave; Chipped
2647563051.0,109,13,41,FirstHalf,Chelsea,15,426050,Nicolas Jackson,Dispossessed,Successful,35.3,24.6,,,True,Back,,,,,OppositeRelatedEvent=169; Offensive
2647563065.0,169,13,42,FirstHalf,Man City,167,303139,Rodri,Tackle,Successful,64.7,75.4,,,True,Center,,,,,OppositeRelatedEvent=109; StandingSave; Defensive
2647563077.0,170,13,44,FirstHalf,Man City,167,122945,Nathan Aké,BallRecovery,Successful,61.6,88.6,,,False,,,,,,
2647563109.0,171,13,45,FirstHalf,Man City,167,122945,Nathan Aké,Pass,Successful,59.2,88.0,64.4,73.9,True,Center,64.4,73.9,11.0,5.23,StandingSave
2647563165.0,172,13,47,FirstHalf,Man City,167,303139,Rodri,Pass,Successful,64.4,73.8,52.2,43.8,True,Center,52.2,43.8,24.1,4.15,StandingSave
2647563241.0,173,13,49,FirstHalf,Man City,167,297390,Manuel Akanji,Pass,Successful,52.2,43.8,31.3,46.9,True,Back,31.3,46.9,22.0,3.05,StandingSave
2647563261.0,174,13,54,FirstHalf,Man City,167,69778,Kyle Walker,Pass,Successful,34.6,38.1,40.8,47.5,True,Back,40.8,47.5,9.1,0.78,StandingSave
2647563283.0,175,13,55,FirstHalf,Man City,167,303139,Rodri,Pass,Successful,40.8,47.5,33.0,40.6,True,Back,33.0,40.6,9.4,3.66,LayOff; StandingSave
2647563373.0,176,14,0,FirstHalf,Man City,167,69778,Kyle Walker,Pass,Successful,35.9,28.3,53.7,34.5,True,Center,53.7,34.5,19.2,0.22,StandingSave
2647563417.0,177,14,2,FirstHalf,Man City,167,315227,Erling Haaland,Pass,Successful,43.0,30.1,29.8,32.2,True,Back,29.8,32.2,13.9,3.04,StandingSave
2647563469.0,178,14,5,FirstHalf,Man City,167,69778,Kyle Walker,Pass,Successful,30.1,33.5,31.3,59.7,True,Back,31.3,59.7,17.9,1.50,StandingSave
2647563541.0,179,14,7,FirstHalf,Man City,167,313171,Rúben Dias,Pass,Successful,31.3,59.4,36.2,78.2,True,Back,36.2,78.2,13.8,1.19,StandingSave
2647563565.0,180,14,13,FirstHalf,Man City,167,122945,Nathan Aké,Pass,Successful,37.0,82.9,47.5,95.9,True,Back,47.5,95.9,14.1,0.68,StandingSave
2647563631.0,181,14,15,FirstHalf,Man City,167,388098,Jérémy Doku,Pass,Successful,47.5,95.9,35.7,83.2,True,Back,35.7,83.2,15.1,3.75,StandingSave
2647563711.0,182,14,20,FirstHalf,Man City,167,122945,Nathan Aké,Pass,Successful,36.3,79.8,45.3,92.2,True,Back,45.3,92.2,12.7,0.73,StandingSave
2647563719.0,183,14,23,FirstHalf,Man City,167,303139,Rodri,Dispossessed,Successful,45.2,92.9,,,True,Back,,,,,Offensive; OppositeRelatedEvent=111
2647563757.0,111,14,23,FirstHalf,Chelsea,15,395692,Cole Palmer,Tackle,Unsuccessful,54.8,7.1,,,True,Right,,,,,Defensive; OppositeRelatedEvent=183; StandingSave
2647563725.0,184,14,24,FirstHalf,Man City,167,303139,Rodri,BallTouch,Successful,45.3,92.2,,,True,Back,,,,,StandingSave
2647563803.0,185,14,27,FirstHalf,Man City,167,388098,Jérémy Doku,Pass,Successful,54.6,83.1,45.4,53.8,True,Back,45.4,53.8,22.1,4.26,StandingSave
2647563875.0,186,14,28,FirstHalf,Man City,167,297390,Manuel Akanji,Pass,Successful,45.4,53.8,36.9,54.0,True,Back,36.9,54.0,8.9,3.13,StandingSave
2647563895.0,187,14,31,FirstHalf,Man City,167,313171,Rúben Dias,Pass,Successful,37.5,51.6,40.9,25.7,True,Back,40.9,25.7,18.0,4.91,StandingSave
2647563953.0,188,14,33,FirstHalf,Man City,167,69778,Kyle Walker,Pass,Successful,40.9,25.2,58.6,6.6,True,Right,58.6,6.6,22.5,5.69,StandingSave
2647563989.0,189,14,35,FirstHalf,Man City,167,331254,Phil Foden,Pass,Successful,56.7,7.6,58.5,20.5,True,Right,58.5,20.5,9.0,1.36,StandingSave
2647584091.0,420,14,37,FirstHalf,Man City,167,297390,Manuel Akanji,Dispossessed,Successful,55.4,15.0,,,True,Right,,,,,Offensive; OppositeRelatedEvent=112
2647564001.0,112,14,37,FirstHalf,Chelsea,15,375621,Conor Gallagher,Tackle,Unsuccessful,44.6,85.0,,,True,Back,,,,,OppositeRelatedEvent=420; Defensive; StandingSave
2647563995.0,190,14,37,FirstHalf,Man City,167,297390,Manuel Akanji,BallTouch,Successful,58.5,20.5,,,True,Right,,,,,StandingSave
2647564037.0,113,14,38,FirstHalf,Chelsea,15,299272,Ben Chilwell,Pass,Successful,44.7,95.3,57.2,82.6,True,Left,57.2,82.6,15.7,5.70,StandingSave
2647564043.0,114,14,39,FirstHalf,Chelsea,15,97692,Raheem Sterling,BallRecovery,Successful,57.7,79.1,,,False,,,,,,
2647564121.0,115,14,42,FirstHalf,Chelsea,15,97692,Raheem Sterling,Pass,Successful,60.8,69.0,67.4,28.5,True,Center,67.4,28.5,28.4,4.96,StandingSave
2647564131.0,116,14,47,FirstHalf,Chelsea,15,395692,Cole Palmer,Pass,Successful,75.5,25.8,85.8,13.2,True,Right,85.8,13.2,13.8,5.61,StandingSave
2647564137.0,117,14,48,FirstHalf,Chelsea,15,403850,Malo Gusto,Pass,Unsuccessful,85.8,13.2,86.5,16.4,True,Right,86.5,16.4,2.3,1.25,RightFoot; StandingSave; Cross; Offensive; OppositeRelatedEvent=192
2647564155.0,192,14,49,FirstHalf,Man City,167,365409,Julián Alvarez,Clearance,Successful,12.3,83.9,,,True,Back,,,,,StandingSave; OppositeRelatedEvent=117; BlockedCross
2647583069.0,306,14,49,FirstHalf,Chelsea,15,403850,Malo Gusto,BallTouch,Successful,88.3,12.9,,,True,Right,,,,,StandingSave
2647564165.0,193,14,50,FirstHalf,Man City,167,365409,Julián Alvarez,BallRecovery,Successful,14.9,89.1,,,False,,,,,,
2647564313.0,194,14,52,FirstHalf,Man City,167,365409,Julián Alvarez,Pass,Successful,16.9,88.8,38.9,94.6,True,Back,38.9,94.6,23.4,0.17,StandingSave
2647564339.0,195,15,1,FirstHalf,Man City,167,388098,Jérémy Doku,Pass,Successful,69.0,72.4,72.8,47.7,True,Center,72.8,47.7,17.3,4.95,ShotAssist=15; StandingSave; KeyPass
2647564343.0,196,15,4,FirstHalf,Man City,167,303139,Rodri,SavedShot,Successful,73.7,45.7,,,True,Center,,,,,Assisted; StandingSave; OppositeRelatedEvent=118; LowLeft; OutOfBoxCentre; RightFoot; BlockedY=46.6; GoalMouthY=52.7; FastBreak; Blocked; GoalMouthZ=19; IndividualPlay; RelatedEventId=195; BlockedX=76.9
2647564355.0,118,15,4,FirstHalf,Chelsea,15,369430,Enzo Fernández,Save,Successful,23.1,53.4,,,True,Back,,,,,OppositeRelatedEvent=196; StandingSave; OutfielderBlock
2647564399.0,119,15,5,FirstHalf,Chelsea,15,300426,Axel Disasi,Pass,Successful,14.8,46.1,24.5,46.0,True,Back,24.5,46.0,10.2,6.28,StandingSave
2647564401.0,120,15,6,FirstHalf,Chelsea,15,410175,Moisés Caicedo,BallRecovery,Successful,24.5,46.0,,,False,,,,,,
2647564429.0,121,15,8,FirstHalf,Chelsea,15,410175,Moisés Caicedo,Foul,Successful,28.3,49.8,,,True,Back,,,,,Defensive; Foul; OppositeRelatedEvent=197
2647564447.0,197,15,8,FirstHalf,Man City,167,388098,Jérémy Doku,Foul,Unsuccessful,71.7,50.2,,,False,Center,,,,,Foul; OppositeRelatedEvent=121; StandingSave; Offensive
2647564873.0,123,15,38,FirstHalf,Chelsea,15,421351,Levi Colwill,Pass,Successful,24.9,50.3,15.8,40.7,True,Back,15.8,40.7,11.6,3.74,FreekickTaken; StandingSave
2647564897.0,124,15,39,FirstHalf,Chelsea,15,406564,Djordje Petrovic,Pass,Successful,15.5,40.7,20.4,24.7,True,Back,20.4,24.7,12.0,5.15,StandingSave
2647564955.0,125,15,43,FirstHalf,Chelsea,15,300426,Axel Disasi,Pass,Successful,20.2,24.7,7.7,47.9,True,Back,7.7,47.9,20.5,2.26,StandingSave
2647565007.0,126,15,46,FirstHalf,Chelsea,15,406564,Djordje Petrovic,Pass,Successful,7.8,51.9,9.7,72.3,True,Back,9.7,72.3,14.0,1.43,StandingSave
2647565029.0,127,15,48,FirstHalf,Chelsea,15,421351,Levi Colwill,Pass,Successful,9.9,76.3,14.9,97.2,True,Back,14.9,97.2,15.2,1.22,StandingSave
2647565081.0,128,15,51,FirstHalf,Chelsea,15,299272,Ben Chilwell,Pass,Successful,14.3,93.9,3.6,92.6,True,Back,3.6,92.6,11.3,3.22,StandingSave
2647565111.0,129,15,54,FirstHalf,Chelsea,15,421351,Levi Colwill,Pass,Successful,6.0,96.5,36.5,91.7,True,Back,36.5,91.7,32.2,6.18,StandingSave; Longball
2647565115.0,130,15,55,FirstHalf,Chelsea,15,97692,Raheem Sterling,BallTouch,Unsuccessful,36.6,91.8,,,True,Back,,,,,StandingSave
2647565323.0,199,16,2,FirstHalf,Man City,167,69778,Kyle Walker,Pass,Successful,57.8,0.0,39.9,15.9,True,Back,39.9,15.9,22.4,2.57,Longball; ThrowIn
2647565381.0,200,16,11,FirstHalf,Man City,167,313171,Rúben Dias,Pass,Successful,40.2,32.3,43.8,22.7,True,Back,43.8,22.7,7.5,5.24,StandingSave
2647565399.0,201,16,14,FirstHalf,Man City,167,297390,Manuel Akanji,Pass,Successful,45.5,28.4,45.5,13.9,True,Back,45.5,13.9,9.9,4.71,StandingSave
2647565451.0,202,16,15,FirstHalf,Man City,167,69778,Kyle Walker,Pass,Successful,45.5,13.9,38.1,48.4,True,Back,38.1,48.4,24.7,1.89,StandingSave
2647565497.0,203,16,19,FirstHalf,Man City,167,313171,Rúben Dias,Pass,Successful,44.1,49.4,69.1,95.2,True,Left,69.1,95.2,40.7,0.87,StandingSave; Chipped; Longball
2647565499.0,204,16,25,FirstHalf,Man City,167,388098,Jérémy Doku,TakeOn,Unsuccessful,81.6,87.7,,,True,Left,,,,,OppositeRelatedEvent=132; Offensive; StandingSave
2647565515.0,132,16,25,FirstHalf,Chelsea,15,403850,Malo Gusto,Tackle,Unsuccessful,18.4,12.3,,,True,Back,,,,,OppositeRelatedEvent=204; Defensive; StandingSave
2647565509.0,205,16,25,FirstHalf,Man City,167,388098,Jérémy Doku,BallTouch,Successful,80.2,88.0,,,True,Left,,,,,StandingSave
2647565523.0,133,16,27,FirstHalf,Chelsea,15,410175,Moisés Caicedo,BallRecovery,Successful,11.8,25.6,,,False,,,,,,
2647565595.0,134,16,28,FirstHalf,Chelsea,15,410175,Moisés Caicedo,Pass,Successful,12.7,26.1,26.2,4.3,True,Back,26.2,4.3,20.5,5.48,StandingSave
2647565617.0,135,16,33,FirstHalf,Chelsea,15,403850,Malo Gusto,Pass,Successful,39.5,16.7,37.2,29.8,True,Back,37.2,29.8,9.2,1.84,StandingSave
2647565723.0,136,16,34,FirstHalf,Chelsea,15,375621,Conor Gallagher,Pass,Successful,36.0,26.1,39.0,4.3,True,Back,39.0,4.3,15.2,4.92,StandingSave
2647565731.0,137,16,40,FirstHalf,Chelsea,15,395692,Cole Palmer,TakeOn,Unsuccessful,64.2,6.8,,,True,Right,,,,,OppositeRelatedEvent=206; Offensive; StandingSave; OverRun
2647565745.0,207,16,43,FirstHalf,Man City,167,122945,Nathan Aké,BallRecovery,Successful,27.7,93.2,,,False,,,,,,
2647565805.0,208,16,43,FirstHalf,Man City,167,122945,Nathan Aké,Pass,Successful,26.7,91.7,8.3,74.1,True,Back,8.3,74.1,22.7,3.70,StandingSave
2647565807.0,209,16,46,FirstHalf,Man City,167,121774,Ederson,Pass,Unsuccessful,8.3,74.1,9.9,76.1,True,Back,9.9,76.1,2.2,0.68,Offensive; OppositeRelatedEvent=139; StandingSave
2647565827.0,139,16,46,FirstHalf,Chelsea,15,426050,Nicolas Jackson,BlockedPass,Successful,93.8,23.7,,,True,Center,,,,,StandingSave; OppositeRelatedEvent=209; Defensive
2647565851.0,140,16,47,FirstHalf,Chelsea,15,426050,Nicolas Jackson,BallRecovery,Successful,99.1,14.1,,,False,,,,,,
2647565907.0,141,16,50,FirstHalf,Chelsea,15,426050,Nicolas Jackson,Pass,Unsuccessful,95.7,15.0,89.8,44.9,True,Center,89.8,44.9,21.3,1.87,LeftFoot; Cross; Chipped; StandingSave
2647566025.0,210,16,52,FirstHalf,Man City,167,297390,Manuel Akanji,Clearance,Successful,10.6,54.7,34.1,60.7,True,Back,34.1,60.7,25.0,0.16,StandingSave
2647565969.0,142,16,54,FirstHalf,Chelsea,15,410175,Moisés Caicedo,Pass,Successful,68.2,36.3,74.5,49.3,True,Center,74.5,49.3,11.0,0.93,
2647565993.0,143,16,57,FirstHalf,Chelsea,15,369430,Enzo Fernández,Pass,Successful,75.2,49.0,82.0,45.5,True,Center,82.0,45.5,7.5,5.96,StandingSave
2647566019.0,144,16,58,FirstHalf,Chelsea,15,375621,Conor Gallagher,Pass,Unsuccessful,81.1,39.5,92.8,36.9,True,Center,92.8,36.9,12.4,6.14,Throughball; StandingSave
2647566033.0,211,17,0,FirstHalf,Man City,167,122945,Nathan Aké,Interception,Successful,6.3,64.8,,,True,Back,,,,,LastMan
2647566037.0,145,17,2,FirstHalf,Chelsea,15,375621,Conor Gallagher,CornerAwarded,Successful,93.2,36.0,,,False,Center,,,,,MissRight; OppositeRelatedEvent=212
2647566039.0,212,17,2,FirstHalf,Man City,167,122945,Nathan Aké,CornerAwarded,Unsuccessful,6.8,64.0,,,False,Back,,,,,MissLeft; OppositeRelatedEvent=145
2647566921.0,146,18,6,FirstHalf,Chelsea,15,299272,Ben Chilwell,Pass,Unsuccessful,99.5,0.5,95.8,47.5,True,Center,95.8,47.5,32.2,1.69,Chipped; Cross; StandingSave; LeftFoot; CornerTaken; Longball
2647566949.0,214,18,7,FirstHalf,Man City,167,313171,Rúben Dias,Clearance,Successful,4.4,50.9,29.4,68.7,True,Back,29.4,68.7,28.9,0.43,Head
2647566987.0,147,18,11,FirstHalf,Chelsea,15,97692,Raheem Sterling,Pass,Successful,68.4,26.7,72.4,9.7,True,Right,72.4,9.7,12.3,5.06,StandingSave
2647567009.0,148,18,13,FirstHalf,Chelsea,15,375621,Conor Gallagher,Pass,Unsuccessful,74.3,8.3,89.4,44.0,True,Center,89.4,44.0,29.0,0.99,StandingSave; Cross; RightFoot; Chipped
2647567035.0,215,18,14,FirstHalf,Man City,167,313171,Rúben Dias,Clearance,Successful,9.1,55.2,24.1,56.5,True,Back,24.1,56.5,15.8,0.06,StandingSave
2647567093.0,149,18,18,FirstHalf,Chelsea,15,410175,Moisés Caicedo,Pass,Successful,70.4,40.6,69.5,71.5,True,Center,69.5,71.5,21.0,1.62,StandingSave
2647567153.0,150,18,22,FirstHalf,Chelsea,15,395692,Cole Palmer,Pass,Successful,71.1,72.3,64.2,59.3,True,Center,64.2,59.3,11.4,4.03,StandingSave
2647567241.0,151,18,25,FirstHalf,Chelsea,15,410175,Moisés Caicedo,Pass,Successful,64.7,55.8,52.3,44.6,True,Center,52.3,44.6,15.1,3.67,StandingSave
2647567263.0,152,18,30,FirstHalf,Chelsea,15,403850,Malo Gusto,Pass,Successful,48.6,29.8,44.2,8.9,True,Back,44.2,8.9,14.9,4.40,StandingSave
2647567317.0,153,18,32,FirstHalf,Chelsea,15,375621,Conor Gallagher,Pass,Successful,44.2,8.9,21.2,36.6,True,Back,21.2,36.6,30.6,2.48,StandingSave
2647567329.0,154,18,36,FirstHalf,Chelsea,15,406564,Djordje Petrovic,Pass,Successful,20.2,40.0,22.8,66.6,True,Back,22.8,66.6,18.3,1.42,StandingSave
2647567411.0,155,18,39,FirstHalf,Chelsea,15,410175,Moisés Caicedo,Pass,Successful,21.5,64.2,7.0,52.7,True,Back,7.0,52.7,17.1,3.62,StandingSave
2647567437.0,156,18,43,FirstHalf,Chelsea,15,406564,Djordje Petrovic,Pass,Successful,7.5,50.9,11.2,20.0,True,Back,11.2,20.0,21.4,4.90,StandingSave
2647567471.0,157,18,45,FirstHalf,Chelsea,15,300426,Axel Disasi,Pass,Successful,12.1,19.4,32.6,24.1,True,Back,32.6,24.1,21.8,0.15,StandingSave
2647567489.0,158,18,49,FirstHalf,Chelsea,15,395692,Cole Palmer,Pass,Unsuccessful,38.9,12.3,46.2,9.2,True,Back,46.2,9.2,7.9,6.01,StandingSave
2647567495.0,217,18,49,FirstHalf,Man City,167,313171,Rúben Dias,BallTouch,Successful,58.4,91.0,,,True,Left,,,,,StandingSave
2647567627.0,160,18,57,FirstHalf,Chelsea,15,403850,Malo Gusto,Pass,Successful,71.3,0.0,64.4,3.8,True,Right,64.4,3.8,7.9,2.72,ThrowIn
2647567643.0,161,18,58,FirstHalf,Chelsea,15,395692,Cole Palmer,Pass,Successful,66.4,3.4,69.4,1.9,True,Right,69.4,1.9,3.3,5.97,StandingSave
2647567649.0,162,19,1,FirstHalf,Chelsea,15,403850,Malo Gusto,Pass,Successful,69.6,2.0,69.4,9.7,True,Right,69.4,9.7,5.2,1.61,StandingSave
2647567659.0,163,19,1,FirstHalf,Chelsea,15,395692,Cole Palmer,Pass,Successful,69.4,9.7,64.0,4.6,True,Right,64.0,4.6,6.6,3.69,StandingSave
2647567675.0,164,19,3,FirstHalf,Chelsea,15,403850,Malo Gusto,Pass,Successful,64.7,5.2,53.5,23.4,True,Center,53.5,23.4,17.1,2.33,StandingSave
2647567721.0,165,19,5,FirstHalf,Chelsea,15,410175,Moisés Caicedo,Pass,Successful,53.1,25.5,46.0,56.7,True,Back,46.0,56.7,22.5,1.91,StandingSave
2647567755.0,166,19,8,FirstHalf,Chelsea,15,421351,Levi Colwill,Pass,Successful,46.3,60.5,63.5,84.5,True,Left,63.5,84.5,24.3,0.73,StandingSave
2647567783.0,167,19,12,FirstHalf,Chelsea,15,97692,Raheem Sterling,Pass,Successful,64.6,85.0,58.0,84.8,True,Left,58.0,84.8,6.9,3.16,StandingSave
2647567799.0,168,19,16,FirstHalf,Chelsea,15,375621,Conor Gallagher,Pass,Successful,60.9,84.1,52.1,71.4,True,Center,52.1,71.4,12.6,3.89,StandingSave
2647567861.0,169,19,18,FirstHalf,Chelsea,15,421351,Levi Colwill,Pass,Successful,52.1,71.4,45.0,35.1,True,Back,45.0,35.1,25.8,4.42,StandingSave
2647567891.0,170,19,22,FirstHalf,Chelsea,15,300426,Axel Disasi,Pass,Successful,48.9,31.3,45.5,51.3,True,Back,45.5,51.3,14.1,1.83,StandingSave
2647567941.0,171,19,24,FirstHalf,Chelsea,15,410175,Moisés Caicedo,Pass,Successful,45.9,53.9,46.4,71.7,True,Back,46.4,71.7,12.1,1.53,StandingSave
2647567953.0,172,19,30,FirstHalf,Chelsea,15,421351,Levi Colwill,Pass,Successful,62.0,90.9,67.3,83.2,True,Left,67.3,83.2,7.6,5.53,StandingSave
2647567963.0,173,19,30,FirstHalf,Chelsea,15,97692,Raheem Sterling,Pass,Unsuccessful,67.3,83.2,68.9,93.6,True,Left,68.9,93.6,7.3,1.34,StandingSave
2647567977.0,219,19,31,FirstHalf,Man City,167,331254,Phil Foden,BallRecovery,Successful,32.8,11.7,,,False,,,,,,
2647567983.0,220,19,32,FirstHalf,Man City,167,331254,Phil Foden,Pass,Successful,32.8,11.7,28.7,28.9,True,Back,28.7,28.9,12.5,1.92,StandingSave
2647567991.0,221,19,33,FirstHalf,Man City,167,297390,Manuel Akanji,Pass,Successful,28.7,28.9,33.4,27.9,True,Back,33.4,27.9,5.0,6.15,StandingSave
2647567999.0,222,19,34,FirstHalf,Man City,167,365409,Julián Alvarez,Pass,Successful,33.4,27.9,23.0,17.1,True,Back,23.0,17.1,13.2,3.73,LayOff; StandingSave
2647568037.0,223,19,35,FirstHalf,Man City,167,69778,Kyle Walker,Pass,Successful,23.0,17.1,4.5,45.7,True,Back,4.5,45.7,27.5,2.36,StandingSave
2647568063.0,224,19,39,FirstHalf,Man City,167,121774,Ederson,Pass,Unsuccessful,4.8,51.8,67.0,73.6,True,Center,67.0,73.6,67.0,0.22,Longball; Chipped; StandingSave
2647568083.0,174,19,44,FirstHalf,Chelsea,15,300426,Axel Disasi,BallRecovery,Successful,31.7,28.9,,,False,,,,,,
2647568179.0,175,19,50,FirstHalf,Chelsea,15,300426,Axel Disasi,Pass,Successful,31.4,30.1,37.3,31.2,True,Back,37.3,31.2,6.2,0.12,StandingSave
2647568223.0,176,19,51,FirstHalf,Chelsea,15,369430,Enzo Fernández,Pass,Successful,37.3,31.2,28.9,28.6,True,Back,28.9,28.6,9.0,3.34,StandingSave
2647568241.0,177,19,53,FirstHalf,Chelsea,15,300426,Axel Disasi,Pass,Successful,27.4,28.6,25.1,44.5,True,Back,25.1,44.5,11.1,1.79,StandingSave
2647568255.0,178,19,54,FirstHalf,Chelsea,15,410175,Moisés Caicedo,Pass,Successful,25.0,44.3,25.9,30.7,True,Back,25.9,30.7,9.3,4.81,StandingSave
2647568261.0,179,19,56,FirstHalf,Chelsea,15,300426,Axel Disasi,Pass,Successful,25.9,30.7,29.6,35.1,True,Back,29.6,35.1,4.9,0.66,StandingSave
2647568269.0,180,19,57,FirstHalf,Chelsea,15,369430,Enzo Fernández,Pass,Unsuccessful,29.6,34.8,39.6,9.7,True,Back,39.6,9.7,20.0,5.26,StandingSave
2647568283.0,225,19,58,FirstHalf,Man City,167,122945,Nathan Aké,TakeOn,Unsuccessful,68.2,88.3,,,True,Left,,,,,OppositeRelatedEvent=181; StandingSave; Offensive
2647568297.0,181,19,58,FirstHalf,Chelsea,15,403850,Malo Gusto,Tackle,Unsuccessful,31.8,11.7,,,True,Back,,,,,Defensive; OppositeRelatedEvent=225
2647580017.0,11198,20,,FirstHalf,Chelsea,15,299272,Ben Chilwell,OffsideGiven,Unsuccessful,72.9,97.4,,,False,,,,,,
2647568315.0,226,20,0,FirstHalf,Man City,167,365409,Julián Alvarez,BallRecovery,Successful,71.9,84.9,,,False,,,,,,
2647568329.0,227,20,1,FirstHalf,Man City,167,365409,Julián Alvarez,Pass,Successful,73.8,83.7,75.5,76.0,True,Center,75.5,76.0,5.5,5.04,StandingSave
2647568375.0,228,20,2,FirstHalf,Man City,167,388098,Jérémy Doku,Pass,Successful,72.3,74.4,61.9,80.0,True,Left,61.9,80.0,11.6,2.81,StandingSave
2647568425.0,229,20,7,FirstHalf,Man City,167,313171,Rúben Dias,Pass,Successful,62.5,82.7,68.9,74.1,True,Center,68.9,74.1,8.9,5.57,StandingSave
2647568433.0,230,20,10,FirstHalf,Man City,167,365409,Julián Alvarez,Pass,Successful,69.8,76.5,61.9,86.9,True,Left,61.9,86.9,10.9,2.44,StandingSave
2647568497.0,231,20,11,FirstHalf,Man City,167,313171,Rúben Dias,Pass,Successful,61.9,86.9,72.6,95.4,True,Left,72.6,95.4,12.6,0.48,StandingSave
2647568503.0,232,20,15,FirstHalf,Man City,167,122945,Nathan Aké,BallTouch,Unsuccessful,80.5,88.0,,,True,Left,,,,,StandingSave
2647568523.0,182,20,17,FirstHalf,Chelsea,15,403850,Malo Gusto,BallRecovery,Successful,9.9,26.4,,,False,,,,,,
2647568543.0,183,20,18,FirstHalf,Chelsea,15,403850,Malo Gusto,Pass,Successful,9.5,28.9,3.1,45.8,True,Back,3.1,45.8,13.3,2.10,StandingSave
2647568555.0,184,20,19,FirstHalf,Chelsea,15,406564,Djordje Petrovic,Pass,Successful,3.1,45.8,15.7,32.5,True,Back,15.7,32.5,16.0,5.68,StandingSave
2647568581.0,185,20,20,FirstHalf,Chelsea,15,410175,Moisés Caicedo,Pass,Successful,15.7,32.5,2.4,13.8,True,Back,2.4,13.8,18.9,3.88,StandingSave
2647568607.0,186,20,23,FirstHalf,Chelsea,15,403850,Malo Gusto,Pass,Successful,2.7,13.4,38.1,17.1,True,Back,38.1,17.1,37.3,0.07,Longball; StandingSave
2647568613.0,187,20,25,FirstHalf,Chelsea,15,375621,Conor Gallagher,Aerial,Successful,38.4,22.5,,,False,Back,,,,,OppositeRelatedEvent=233; Defensive
2647568599.0,233,20,25,FirstHalf,Man City,167,313171,Rúben Dias,Aerial,Unsuccessful,61.6,77.5,,,False,Center,,,,,OppositeRelatedEvent=187; Offensive
2647568627.0,188,20,25,FirstHalf,Chelsea,15,375621,Conor Gallagher,Pass,Successful,38.1,17.1,45.4,27.3,True,Back,45.4,27.3,10.3,0.74,HeadPass
2647568631.0,189,20,27,FirstHalf,Chelsea,15,426050,Nicolas Jackson,Pass,Unsuccessful,43.1,28.3,43.9,25.8,True,Back,43.9,25.8,1.9,5.17,OppositeRelatedEvent=234; Offensive; StandingSave
2647568619.0,234,20,27,FirstHalf,Man City,167,297390,Manuel Akanji,BlockedPass,Successful,52.9,63.6,,,True,Center,,,,,StandingSave; Defensive; OppositeRelatedEvent=189
2647568643.0,235,20,28,FirstHalf,Man City,167,365409,Julián Alvarez,BallRecovery,Successful,63.4,71.9,,,False,,,,,,
2647568663.0,236,20,29,FirstHalf,Man City,167,365409,Julián Alvarez,Pass,Successful,63.4,71.9,69.5,64.6,True,Center,69.5,64.6,8.1,5.62,StandingSave
2647568667.0,237,20,30,FirstHalf,Man City,167,315227,Erling Haaland,Dispossessed,Successful,68.4,65.5,,,True,Center,,,,,Offensive; OppositeRelatedEvent=191
2647568717.0,191,20,31,FirstHalf,Chelsea,15,410175,Moisés Caicedo,Tackle,Successful,31.6,34.5,,,True,Back,,,,,Defensive; OppositeRelatedEvent=237; StandingSave
2647568721.0,192,20,31,FirstHalf,Chelsea,15,369430,Enzo Fernández,BallRecovery,Successful,33.8,39.1,,,False,,,,,,
2647568765.0,193,20,32,FirstHalf,Chelsea,15,369430,Enzo Fernández,Pass,Successful,34.4,47.0,44.5,69.4,True,Back,44.5,69.4,18.6,0.96,StandingSave
2647568807.0,194,20,38,FirstHalf,Chelsea,15,97692,Raheem Sterling,Pass,Successful,54.7,72.7,48.5,67.3,True,Back,48.5,67.3,7.5,3.66,StandingSave
2647568915.0,195,20,40,FirstHalf,Chelsea,15,369430,Enzo Fernández,Pass,Successful,47.9,65.8,59.8,3.2,True,Right,59.8,3.2,44.4,5.00,Chipped; Longball; StandingSave
2647568971.0,196,20,48,FirstHalf,Chelsea,15,395692,Cole Palmer,Pass,Successful,61.3,5.6,53.7,11.3,True,Right,53.7,11.3,8.9,2.69,StandingSave
2647571297.0,226,20,50,FirstHalf,Chelsea,15,403850,Malo Gusto,Pass,Successful,53.0,9.5,46.6,28.9,True,Back,46.6,28.9,14.8,2.04,StandingSave
2647571367.0,227,20,52,FirstHalf,Chelsea,15,410175,Moisés Caicedo,Pass,Successful,47.0,29.7,37.5,34.6,True,Back,37.5,34.6,10.5,2.82,StandingSave
2647568979.0,197,20,54,FirstHalf,Chelsea,15,300426,Axel Disasi,Pass,Successful,41.1,32.7,39.6,68.1,True,Back,39.6,68.1,24.1,1.64,StandingSave
2647569017.0,198,20,57,FirstHalf,Chelsea,15,421351,Levi Colwill,OffsidePass,Successful,39.6,72.1,72.9,97.4,True,Left,72.9,97.4,,,StandingSave; Longball; PlayerCaughtOffside=299272
2647569015.0,238,20,57,FirstHalf,Man City,167,69778,Kyle Walker,OffsideProvoked,Successful,35.9,20.5,,,False,,,,,,
2647569221.0,240,21,19,FirstHalf,Man City,167,69778,Kyle Walker,Pass,Successful,27.2,16.3,36.6,22.4,True,Back,36.6,22.4,10.7,0.40,StandingSave; IndirectFreekickTaken; FreekickTaken
2647569225.0,241,21,21,FirstHalf,Man City,167,297390,Manuel Akanji,Pass,Successful,36.6,22.4,26.1,17.3,True,Back,26.1,17.3,11.6,3.45,StandingSave
2647569273.0,242,21,23,FirstHalf,Man City,167,69778,Kyle Walker,Pass,Successful,26.1,17.3,8.8,33.3,True,Back,8.8,33.3,21.2,2.60,StandingSave
2647569315.0,243,21,28,FirstHalf,Man City,167,121774,Ederson,Pass,Successful,8.8,33.3,22.1,31.8,True,Back,22.1,31.8,14.0,6.21,StandingSave
2647569367.0,244,21,30,FirstHalf,Man City,167,297390,Manuel Akanji,Pass,Successful,22.1,31.8,19.6,72.4,True,Back,19.6,72.4,27.7,1.67,StandingSave
2647569399.0,245,21,34,FirstHalf,Man City,167,313171,Rúben Dias,Pass,Successful,23.4,75.5,35.1,92.9,True,Back,35.1,92.9,17.1,0.77,StandingSave
2647569433.0,246,21,37,FirstHalf,Man City,167,122945,Nathan Aké,Pass,Unsuccessful,36.8,93.5,60.8,86.9,True,Left,60.8,86.9,25.6,6.11,Chipped; StandingSave
2647569427.0,200,21,39,FirstHalf,Chelsea,15,410175,Moisés Caicedo,Aerial,Successful,38.0,12.9,,,False,Back,,,,,OppositeRelatedEvent=247; Defensive
2647569443.0,247,21,39,FirstHalf,Man City,167,365409,Julián Alvarez,Aerial,Unsuccessful,62.0,87.1,,,False,Left,,,,,Offensive; OppositeRelatedEvent=200
2647569429.0,201,21,39,FirstHalf,Chelsea,15,410175,Moisés Caicedo,BallTouch,Successful,37.0,15.5,,,True,Back,,,,,OtherBodyPart
2647569451.0,202,21,40,FirstHalf,Chelsea,15,300426,Axel Disasi,BallRecovery,Successful,36.4,29.2,,,False,,,,,,
2647569463.0,203,21,40,FirstHalf,Chelsea,15,300426,Axel Disasi,Pass,Successful,36.4,29.2,47.1,44.2,True,Back,47.1,44.2,15.2,0.74,StandingSave
2647569467.0,204,21,42,FirstHalf,Chelsea,15,369430,Enzo Fernández,Pass,Successful,47.1,44.2,60.5,30.7,True,Center,60.5,30.7,16.8,5.71,StandingSave
2647569479.0,205,21,43,FirstHalf,Chelsea,15,426050,Nicolas Jackson,Pass,Successful,60.5,30.7,56.3,28.0,True,Center,56.3,28.0,4.8,3.54,StandingSave
2647569499.0,206,21,45,FirstHalf,Chelsea,15,375621,Conor Gallagher,Pass,Unsuccessful,62.5,24.3,77.7,8.2,True,Right,77.7,8.2,19.4,5.68,StandingSave
2647569519.0,248,21,47,FirstHalf,Man City,167,122945,Nathan Aké,Clearance,Successful,22.6,88.5,43.4,100.0,True,Back,43.4,100.0,23.6,0.39,StandingSave
2647569615.0,208,21,54,FirstHalf,Chelsea,15,403850,Malo Gusto,Pass,Successful,58.9,0.0,52.9,5.8,True,Right,52.9,5.8,8.1,2.47,ThrowIn
2647569639.0,209,21,56,FirstHalf,Chelsea,15,410175,Moisés Caicedo,Pass,Successful,46.4,6.4,33.3,9.8,True,Back,33.3,9.8,13.9,2.98,StandingSave
2647569697.0,210,21,59,FirstHalf,Chelsea,15,300426,Axel Disasi,Pass,Successful,32.9,11.0,13.1,38.0,True,Back,13.1,38.0,27.7,2.42,StandingSave
2647569733.0,211,22,3,FirstHalf,Chelsea,15,406564,Djordje Petrovic,Pass,Successful,12.8,34.9,19.9,10.9,True,Back,19.9,10.9,17.9,5.14,StandingSave
2647569751.0,212,22,6,FirstHalf,Chelsea,15,300426,Axel Disasi,Pass,Successful,20.9,10.7,38.3,11.3,True,Back,38.3,11.3,18.3,0.02,StandingSave
2647569761.0,213,22,7,FirstHalf,Chelsea,15,395692,Cole Palmer,Pass,Successful,38.3,11.3,35.2,3.4,True,Back,35.2,3.4,6.3,4.17,StandingSave
2647569801.0,214,22,9,FirstHalf,Chelsea,15,403850,Malo Gusto,Pass,Successful,34.9,5.8,34.7,16.7,True,Back,34.7,16.7,7.4,1.60,StandingSave
2647569843.0,215,22,12,FirstHalf,Chelsea,15,395692,Cole Palmer,Pass,Successful,39.3,25.9,68.6,14.7,True,Right,68.6,14.7,31.7,6.04,StandingSave
2647569879.0,216,22,17,FirstHalf,Chelsea,15,403850,Malo Gusto,Pass,Successful,76.3,24.4,85.7,53.7,True,Center,85.7,53.7,22.2,1.11,IntentionalAssist; ShotAssist=15; StandingSave; BigChanceCreated; KeyPass
2647569885.0,217,22,19,FirstHalf,Chelsea,15,426050,Nicolas Jackson,SavedShot,Successful,91.6,48.8,,,True,Center,,,,,StandingSave; RightFoot; GoalMouthZ=3.2; OppositeRelatedEvent=251; IntentionalAssist; LowCentre; BigChance; BlockedX=93.6; RegularPlay; Assisted; GoalMouthY=50.3; BlockedY=49.3; OneOnOne; RelatedEventId=216; BoxCentre
2647569891.0,251,22,19,FirstHalf,Man City,167,121774,Ederson,Save,Successful,6.4,51.4,,,True,Back,,,,,ParriedDanger; OppositeRelatedEvent=217; OtherBodyPart; KeeperSaveInTheBox
2647569913.0,218,22,19,FirstHalf,Chelsea,15,426050,Nicolas Jackson,BallTouch,Successful,91.6,48.8,,,True,Center,,,,,StandingSave
2647569905.0,252,22,21,FirstHalf,Man City,167,121774,Ederson,KeeperPickup,Successful,8.3,48.9,,,False,,,,,,
2647569991.0,253,22,23,FirstHalf,Man City,167,121774,Ederson,Pass,Successful,13.7,48.1,28.2,56.7,True,Back,28.2,56.7,16.3,0.37,KeeperThrow; StandingSave
2647570009.0,254,22,27,FirstHalf,Man City,167,303139,Rodri,Pass,Successful,34.3,56.2,47.2,81.2,True,Back,47.2,81.2,21.7,0.90,StandingSave
2647570089.0,255,22,31,FirstHalf,Man City,167,365409,Julián Alvarez,Pass,Successful,56.2,82.6,74.5,90.5,True,Left,74.5,90.5,20.0,0.27,StandingSave
2647570125.0,256,22,35,FirstHalf,Man City,167,388098,Jérémy Doku,Pass,Successful,84.5,80.0,96.6,67.5,True,Center,96.6,67.5,15.3,5.69,StandingSave
2647570163.0,257,22,39,FirstHalf,Man City,167,73084,Kevin De Bruyne,Pass,Successful,98.3,70.2,89.7,96.8,True,Left,89.7,96.8,20.2,2.03,StandingSave
2647570199.0,258,22,43,FirstHalf,Man City,167,388098,Jérémy Doku,Pass,Successful,89.7,96.8,69.2,82.0,True,Left,69.2,82.0,23.8,3.58,StandingSave
2647570211.0,259,22,47,FirstHalf,Man City,167,122945,Nathan Aké,Pass,Successful,68.0,81.5,74.4,81.0,True,Left,74.4,81.0,6.7,6.23,StandingSave
2647570263.0,260,22,48,FirstHalf,Man City,167,303139,Rodri,Pass,Successful,74.4,81.0,70.0,64.1,True,Center,70.0,64.1,12.4,4.33,StandingSave
2647570273.0,261,22,52,FirstHalf,Man City,167,297390,Manuel Akanji,Pass,Successful,69.5,62.1,60.5,55.3,True,Center,60.5,55.3,10.5,3.60,StandingSave
2647570291.0,262,22,55,FirstHalf,Man City,167,313171,Rúben Dias,Pass,Successful,62.4,55.5,67.1,72.6,True,Center,67.1,72.6,12.6,1.17,StandingSave
2647570327.0,263,22,57,FirstHalf,Man City,167,303139,Rodri,Pass,Successful,67.1,72.6,74.2,75.8,True,Center,74.2,75.8,7.8,0.28,StandingSave
2647570347.0,264,23,0,FirstHalf,Man City,167,73084,Kevin De Bruyne,Pass,Successful,74.1,77.1,83.4,94.4,True,Left,83.4,94.4,15.3,0.88,StandingSave
2647570375.0,265,23,2,FirstHalf,Man City,167,388098,Jérémy Doku,Pass,Successful,83.4,94.4,76.5,85.8,True,Left,76.5,85.8,9.3,3.82,StandingSave
2647570393.0,266,23,3,FirstHalf,Man City,167,73084,Kevin De Bruyne,Pass,Unsuccessful,76.5,85.8,90.0,77.6,True,Center,90.0,77.6,15.2,5.91,StandingSave
2647570389.0,220,23,5,FirstHalf,Chelsea,15,395692,Cole Palmer,Interception,Successful,13.5,22.8,,,True,Back,,,,,StandingSave
2647570407.0,221,23,8,FirstHalf,Chelsea,15,395692,Cole Palmer,CornerAwarded,Unsuccessful,11.8,22.6,,,False,Back,,,,,OppositeRelatedEvent=267; MissLeft
2647570417.0,267,23,8,FirstHalf,Man City,167,73084,Kevin De Bruyne,CornerAwarded,Successful,88.2,77.4,,,False,Center,,,,,MissLeft; OppositeRelatedEvent=221
2647570749.0,268,23,29,FirstHalf,Man City,167,73084,Kevin De Bruyne,Pass,Successful,99.5,99.5,90.6,93.9,True,Left,90.6,93.9,10.1,3.53,CornerTaken; StandingSave
2647570763.0,269,23,31,FirstHalf,Man City,167,331254,Phil Foden,Pass,Successful,83.7,86.8,82.0,84.4,True,Left,82.0,84.4,2.4,3.88,StandingSave
2647570775.0,270,23,32,FirstHalf,Man City,167,73084,Kevin De Bruyne,Pass,Successful,82.0,84.4,88.7,41.3,True,Center,88.7,41.3,30.1,4.95,ShotAssist=13; RightFoot; Cross; Chipped; IntentionalAssist; StandingSave; KeyPass
2647570789.0,271,23,34,FirstHalf,Man City,167,365409,Julián Alvarez,MissedShots,Successful,88.7,41.3,,,True,Center,,,,,BlockedX=88.8; BoxCentre; MissLeft; BlockedY=70.4; LeftFoot; GoalMouthZ=2.8; StandingSave; FirstTouch; Volley; RelatedEventId=270; GoalMouthY=99.8; IntentionalAssist; IndividualPlay; FromCorner; Assisted
2647570817.0,272,23,36,FirstHalf,Man City,167,331254,Phil Foden,Pass,Unsuccessful,86.6,60.9,90.4,47.5,True,Center,90.4,47.5,9.9,5.13,HeadPass
2647570797.0,222,23,38,FirstHalf,Chelsea,15,300426,Axel Disasi,Aerial,Successful,9.2,55.0,,,False,Back,,,,,OppositeRelatedEvent=273; Defensive
2647570821.0,273,23,38,FirstHalf,Man City,167,297390,Manuel Akanji,Aerial,Unsuccessful,90.8,45.0,,,False,Center,,,,,OppositeRelatedEvent=222; Offensive
2647570809.0,223,23,38,FirstHalf,Chelsea,15,300426,Axel Disasi,Clearance,Successful,8.8,57.6,12.4,67.2,True,Back,12.4,67.2,7.5,1.05,Head
2647570835.0,224,23,39,FirstHalf,Chelsea,15,369430,Enzo Fernández,Clearance,Successful,12.4,67.2,19.7,100.0,True,Back,19.7,100.0,24.8,1.26,StandingSave
2647572431.0,299,24,37,FirstHalf,Man City,167,69778,Kyle Walker,Pass,Successful,75.0,0.0,92.1,12.0,True,Right,92.1,12.0,20.3,0.49,ThrowIn
2647687569.0,1120,24,40,FirstHalf,Man City,167,315227,Erling Haaland,BallTouch,Unsuccessful,95.0,15.6,,,True,Right,,,,,StandingSave
2647571385.0,228,24,41,FirstHalf,Chelsea,15,299272,Ben Chilwell,Foul,Successful,5.0,90.6,,,True,Back,,,,,Foul; OppositeRelatedEvent=277; Defensive
2647571393.0,277,24,41,FirstHalf,Man City,167,315227,Erling Haaland,Foul,Unsuccessful,95.0,9.4,,,False,Right,,,,,Offensive; OppositeRelatedEvent=228; Foul; StandingSave
2647571685.0,231,25,14,FirstHalf,Chelsea,15,406564,Djordje Petrovic,Pass,Unsuccessful,11.0,89.6,64.9,67.5,True,Center,64.9,67.5,58.6,6.02,StandingSave; FreekickTaken; Longball
2647571705.0,279,25,18,FirstHalf,Man City,167,303139,Rodri,Aerial,Successful,38.0,32.8,,,False,Back,,,,,OppositeRelatedEvent=232; Defensive
2647571701.0,232,25,18,FirstHalf,Chelsea,15,426050,Nicolas Jackson,Aerial,Unsuccessful,62.0,67.2,,,False,Center,,,,,OppositeRelatedEvent=279; Offensive
2647571723.0,280,25,18,FirstHalf,Man City,167,303139,Rodri,Pass,Unsuccessful,40.4,32.8,54.4,47.7,True,Center,54.4,47.7,17.9,0.60,HeadPass
2647571735.0,233,25,20,FirstHalf,Chelsea,15,403850,Malo Gusto,Pass,Successful,45.7,51.9,49.0,67.5,True,Back,49.0,67.5,11.2,1.26,StandingSave; Longball
2647571747.0,234,25,23,FirstHalf,Chelsea,15,375621,Conor Gallagher,Aerial,Successful,48.4,67.3,,,False,Back,,,,,OppositeRelatedEvent=281; Defensive
2647571733.0,281,25,23,FirstHalf,Man City,167,303139,Rodri,Aerial,Unsuccessful,51.6,32.7,,,False,Center,,,,,Offensive; OppositeRelatedEvent=234
2647571763.0,235,25,23,FirstHalf,Chelsea,15,375621,Conor Gallagher,Pass,Unsuccessful,49.0,67.5,57.1,67.9,True,Center,57.1,67.9,8.5,0.03,HeadPass
2647571761.0,282,25,25,FirstHalf,Man City,167,297390,Manuel Akanji,BallTouch,Unsuccessful,42.6,32.2,,,True,Back,,,,,StandingSave
2647571765.0,236,25,27,FirstHalf,Chelsea,15,426050,Nicolas Jackson,TakeOn,Unsuccessful,60.5,63.3,,,True,Center,,,,,Offensive; OppositeRelatedEvent=284; StandingSave
2647571787.0,284,25,27,FirstHalf,Man City,167,365409,Julián Alvarez,Tackle,Unsuccessful,39.5,36.7,,,True,Back,,,,,Defensive; OppositeRelatedEvent=236; StandingSave
2647571799.0,237,25,29,FirstHalf,Chelsea,15,375621,Conor Gallagher,Pass,Successful,57.8,50.0,63.4,25.9,True,Center,63.4,25.9,17.4,5.06,StandingSave
2647571837.0,238,25,31,FirstHalf,Chelsea,15,395692,Cole Palmer,Pass,Successful,63.3,25.9,84.5,50.7,True,Center,84.5,50.7,27.9,0.65,Throughball; StandingSave; Chipped
2647571843.0,239,25,33,FirstHalf,Chelsea,15,97692,Raheem Sterling,BallTouch,Unsuccessful,84.5,50.7,,,True,Center,,,,,OtherBodyPart; StandingSave
2647571863.0,285,25,34,FirstHalf,Man City,167,313171,Rúben Dias,Clearance,Successful,13.9,54.7,21.8,72.9,True,Back,21.8,72.9,14.9,0.98,StandingSave
2647571869.0,286,25,35,FirstHalf,Man City,167,365409,Julián Alvarez,BallRecovery,Successful,21.8,72.9,,,False,,,,,,
2647571879.0,287,25,36,FirstHalf,Man City,167,365409,Julián Alvarez,Pass,Successful,21.8,72.9,25.6,67.5,True,Back,25.6,67.5,5.4,5.54,StandingSave
2647571887.0,288,25,36,FirstHalf,Man City,167,303139,Rodri,Pass,Successful,25.6,67.5,26.7,83.4,True,Back,26.7,83.4,10.9,1.46,StandingSave
2647571901.0,289,25,39,FirstHalf,Man City,167,122945,Nathan Aké,Pass,Unsuccessful,27.0,80.7,28.9,75.3,True,Back,28.9,75.3,4.2,5.21,StandingSave
2647571895.0,240,25,39,FirstHalf,Chelsea,15,375621,Conor Gallagher,Interception,Successful,69.0,26.4,,,True,Center,,,,,StandingSave
2647571909.0,241,25,41,FirstHalf,Chelsea,15,375621,Conor Gallagher,Pass,Unsuccessful,69.4,23.7,72.1,23.9,True,Center,72.1,23.9,2.8,0.05,StandingSave; Offensive; OppositeRelatedEvent=290
2647571919.0,290,25,41,FirstHalf,Man City,167,365409,Julián Alvarez,BlockedPass,Successful,29.8,77.5,,,True,Back,,,,,StandingSave; OppositeRelatedEvent=241; Defensive
2647688723.0,716,25,42,FirstHalf,Chelsea,15,403850,Malo Gusto,BallRecovery,Successful,68.5,25.9,,,False,,,,,,
2647572067.0,243,25,44,FirstHalf,Chelsea,15,403850,Malo Gusto,Pass,Unsuccessful,66.5,2.9,65.5,4.9,True,Right,65.5,4.9,1.7,2.23,Offensive; OppositeRelatedEvent=291; StandingSave
2647571955.0,291,25,45,FirstHalf,Man City,167,388098,Jérémy Doku,BlockedPass,Successful,33.8,93.6,,,True,Back,,,,,Defensive; StandingSave; OppositeRelatedEvent=243
2647571961.0,292,25,45,FirstHalf,Man City,167,388098,Jérémy Doku,BallRecovery,Successful,34.4,96.6,,,False,,,,,,
2647571971.0,293,25,48,FirstHalf,Man City,167,388098,Jérémy Doku,Pass,Successful,42.9,93.5,66.0,93.4,True,Left,66.0,93.4,24.3,6.28,StandingSave
2647571995.0,242,25,50,FirstHalf,Chelsea,15,300426,Axel Disasi,Challenge,Unsuccessful,40.0,7.2,,,False,Back,,,,,Defensive; OppositeRelatedEvent=294
2647572023.0,294,25,50,FirstHalf,Man City,167,73084,Kevin De Bruyne,TakeOn,Successful,60.0,92.8,,,True,Left,,,,,Offensive; OppositeRelatedEvent=242; StandingSave
2647572041.0,295,25,55,FirstHalf,Man City,167,73084,Kevin De Bruyne,Pass,Successful,78.8,78.8,88.6,65.5,True,Center,88.6,65.5,13.7,5.56,StandingSave
2647572081.0,296,25,57,FirstHalf,Man City,167,315227,Erling Haaland,Pass,Successful,88.6,65.5,96.6,80.9,True,Left,96.6,80.9,13.4,0.89,StandingSave
2647572091.0,297,26,1,FirstHalf,Man City,167,73084,Kevin De Bruyne,Pass,Unsuccessful,95.0,81.9,94.2,80.4,True,Left,94.2,80.4,1.3,4.02,Cross; StandingSave; OppositeRelatedEvent=244; RightFoot; Offensive
2647572131.0,244,26,1,FirstHalf,Chelsea,15,410175,Moisés Caicedo,Clearance,Successful,7.6,17.6,,,True,Back,,,,,OppositeRelatedEvent=297; BlockedCross; StandingSave
2647572137.0,245,26,5,FirstHalf,Chelsea,15,410175,Moisés Caicedo,CornerAwarded,Unsuccessful,6.7,18.6,,,False,Back,,,,,MissLeft; OppositeRelatedEvent=298
2647572125.0,298,26,5,FirstHalf,Man City,167,73084,Kevin De Bruyne,CornerAwarded,Successful,93.3,81.4,,,False,Left,,,,,OppositeRelatedEvent=245; MissLeft
2647572523.0,300,26,28,FirstHalf,Man City,167,73084,Kevin De Bruyne,Pass,Unsuccessful,99.4,99.8,97.8,53.1,True,Center,97.8,53.1,31.8,4.66,RightFoot; OppositeRelatedEvent=246; Chipped; Cross; StandingSave; CornerTaken
2647572555.0,246,26,30,FirstHalf,Chelsea,15,406564,Djordje Petrovic,Punch,Successful,2.2,49.6,19.7,73.3,True,,19.7,73.3,24.4,0.72,OppositeRelatedEvent=300
2647572579.0,301,26,33,FirstHalf,Man City,167,365409,Julián Alvarez,Pass,Unsuccessful,80.7,27.1,87.3,53.3,True,Center,87.3,53.3,19.1,1.20,RightFoot; Cross; StandingSave; Chipped
2647572607.0,247,26,35,FirstHalf,Chelsea,15,300426,Axel Disasi,Clearance,Successful,10.7,45.7,30.1,59.6,True,Back,30.1,59.6,22.5,0.43,Head
2647576451.0,269,26,37,FirstHalf,Chelsea,15,426050,Nicolas Jackson,TakeOn,Unsuccessful,30.0,62.7,,,True,Back,,,,,Head; Defensive; OppositeRelatedEvent=302; StandingSave
2647572623.0,302,26,37,FirstHalf,Man City,167,69778,Kyle Walker,Tackle,Unsuccessful,70.0,37.3,,,True,Center,,,,,OppositeRelatedEvent=269; Offensive; StandingSave; OtherBodyPart
2647572619.0,248,26,38,FirstHalf,Chelsea,15,426050,Nicolas Jackson,BallRecovery,Successful,32.2,53.1,,,False,,,,,,
2647572629.0,249,26,38,FirstHalf,Chelsea,15,426050,Nicolas Jackson,Pass,Successful,32.2,53.9,27.2,67.5,True,Back,27.2,67.5,10.6,2.09,StandingSave
2647572643.0,250,26,40,FirstHalf,Chelsea,15,299272,Ben Chilwell,Pass,Unsuccessful,27.9,68.8,39.5,59.7,True,Back,39.5,59.7,13.7,5.81,StandingSave
2647572659.0,303,26,41,FirstHalf,Man City,167,331254,Phil Foden,Interception,Successful,61.4,41.1,,,True,Center,,,,,StandingSave
2647572663.0,304,26,42,FirstHalf,Man City,167,303139,Rodri,BallRecovery,Successful,61.7,33.5,,,False,,,,,,
2647572699.0,305,26,42,FirstHalf,Man City,167,303139,Rodri,Pass,Successful,61.7,33.5,65.2,17.8,True,Right,65.2,17.8,11.3,5.04,StandingSave
2647572721.0,306,26,46,FirstHalf,Man City,167,365409,Julián Alvarez,Pass,Successful,71.9,20.3,66.6,32.7,True,Center,66.6,32.7,10.1,2.15,StandingSave
2647572737.0,307,26,47,FirstHalf,Man City,167,303139,Rodri,Pass,Successful,66.6,32.7,75.6,14.9,True,Right,75.6,14.9,15.4,5.38,StandingSave
2647572753.0,308,26,49,FirstHalf,Man City,167,365409,Julián Alvarez,Pass,Successful,75.6,14.9,66.5,25.1,True,Center,66.5,25.1,11.8,2.51,StandingSave
2647572787.0,309,26,50,FirstHalf,Man City,167,303139,Rodri,Pass,Successful,67.2,22.9,67.0,40.1,True,Center,67.0,40.1,11.7,1.59,StandingSave
2647572789.0,310,26,53,FirstHalf,Man City,167,297390,Manuel Akanji,Foul,Successful,66.2,39.2,,,True,Center,,,,,Offensive; Foul; OppositeRelatedEvent=251
2647572793.0,251,26,53,FirstHalf,Chelsea,15,375621,Conor Gallagher,Foul,Unsuccessful,33.8,60.8,,,False,Back,,,,,StandingSave; Defensive; OppositeRelatedEvent=310; Foul
2647573351.0,311,27,44,FirstHalf,Man City,167,73084,Kevin De Bruyne,Pass,Successful,68.0,39.9,91.5,66.7,True,Center,91.5,66.7,30.7,0.64,Chipped; IntentionalAssist; FreekickTaken; StandingSave; ShotAssist=15; KeyPass
2647573357.0,312,27,46,FirstHalf,Man City,167,315227,Erling Haaland,SavedShot,Successful,91.5,66.7,,,True,Center,,,,,BlockedY=64.3; GoalMouthY=53.3; Head; BoxLeft; BlockedX=93.0; Assisted; SetPiece; FirstTouch; LowLeft; RelatedEventId=311; OppositeRelatedEvent=252; Blocked; IntentionalAssist; GoalMouthZ=19
2647573365.0,252,27,46,FirstHalf,Chelsea,15,375621,Conor Gallagher,Save,Successful,7.0,35.7,,,True,Back,,,,,OppositeRelatedEvent=312; Head; OutfielderBlock
2647573445.0,253,27,47,FirstHalf,Chelsea,15,403850,Malo Gusto,Clearance,Successful,11.8,28.3,37.5,37.7,True,Back,37.5,37.7,27.7,0.23,StandingSave
2647573447.0,254,27,52,FirstHalf,Chelsea,15,426050,Nicolas Jackson,Dispossessed,Successful,34.8,36.4,,,True,Back,,,,,OppositeRelatedEvent=313; Offensive
2647573481.0,313,27,53,FirstHalf,Man City,167,303139,Rodri,Tackle,Successful,65.2,63.6,,,True,Center,,,,,Defensive; OppositeRelatedEvent=254; StandingSave
2647573489.0,314,27,56,FirstHalf,Man City,167,388098,Jérémy Doku,Dispossessed,Successful,66.8,55.6,,,True,Center,,,,,Offensive; OppositeRelatedEvent=256
2647573493.0,256,27,56,FirstHalf,Chelsea,15,410175,Moisés Caicedo,Tackle,Unsuccessful,33.2,44.4,,,True,Back,,,,,OppositeRelatedEvent=314; Defensive; StandingSave
2647573525.0,315,27,57,FirstHalf,Man City,167,388098,Jérémy Doku,Dispossessed,Successful,66.0,51.8,,,True,Center,,,,,OppositeRelatedEvent=257; Offensive
2647573527.0,257,27,58,FirstHalf,Chelsea,15,410175,Moisés Caicedo,Tackle,Unsuccessful,34.0,48.2,,,True,Back,,,,,StandingSave; Defensive; OppositeRelatedEvent=315
2647573535.0,316,27,58,FirstHalf,Man City,167,388098,Jérémy Doku,BallTouch,Successful,67.5,53.8,,,True,Center,,,,,
2647573573.0,258,27,59,FirstHalf,Chelsea,15,421351,Levi Colwill,Pass,Successful,30.0,60.3,44.6,56.7,True,Back,44.6,56.7,15.5,6.12,StandingSave; Longball
2647573579.0,259,28,1,FirstHalf,Chelsea,15,426050,Nicolas Jackson,BallRecovery,Successful,44.5,61.8,,,False,,,,,,
2647573617.0,260,28,2,FirstHalf,Chelsea,15,426050,Nicolas Jackson,TakeOn,Successful,43.9,70.2,,,True,Back,,,,,Offensive; StandingSave; OppositeRelatedEvent=317
2647573615.0,317,28,2,FirstHalf,Man City,167,73084,Kevin De Bruyne,Challenge,Unsuccessful,56.1,29.8,,,False,Center,,,,,Defensive; OppositeRelatedEvent=260
2647573625.0,261,28,4,FirstHalf,Chelsea,15,426050,Nicolas Jackson,Dispossessed,Successful,46.4,86.7,,,True,Back,,,,,OppositeRelatedEvent=318; Offensive
2647573651.0,318,28,5,FirstHalf,Man City,167,313171,Rúben Dias,Tackle,Successful,53.6,13.3,,,True,Right,,,,,StandingSave; Defensive; OppositeRelatedEvent=261
2647574025.0,263,28,23,FirstHalf,Chelsea,15,299272,Ben Chilwell,Pass,Successful,53.1,100.0,35.4,86.2,True,Back,35.4,86.2,21.0,3.62,ThrowIn
2647574089.0,264,28,26,FirstHalf,Chelsea,15,421351,Levi Colwill,Pass,Successful,34.2,83.3,15.9,55.8,True,Back,15.9,55.8,26.8,3.91,StandingSave
2647574155.0,265,28,31,FirstHalf,Chelsea,15,406564,Djordje Petrovic,Pass,Successful,15.3,47.9,12.7,24.4,True,Back,12.7,24.4,16.2,4.54,StandingSave
2647574237.0,266,28,33,FirstHalf,Chelsea,15,300426,Axel Disasi,Pass,Unsuccessful,12.7,24.4,65.2,55.2,True,Center,65.2,55.2,59.0,0.36,Chipped; Longball; StandingSave
2647574295.0,320,28,37,FirstHalf,Man City,167,297390,Manuel Akanji,BallRecovery,Successful,32.7,44.3,,,False,,,,,,
2647574331.0,321,28,40,FirstHalf,Man City,167,297390,Manuel Akanji,Pass,Successful,32.7,44.3,40.7,68.3,True,Back,40.7,68.3,18.4,1.10,StandingSave
2647574375.0,322,28,43,FirstHalf,Man City,167,313171,Rúben Dias,Pass,Successful,42.9,70.2,55.9,61.9,True,Center,55.9,61.9,14.8,5.89,StandingSave
2647574469.0,323,28,45,FirstHalf,Man City,167,315227,Erling Haaland,Pass,Successful,55.9,61.9,45.4,73.6,True,Back,45.4,73.6,13.6,2.52,StandingSave
2647574491.0,324,28,52,FirstHalf,Man City,167,313171,Rúben Dias,Pass,Successful,58.0,76.0,61.4,74.9,True,Center,61.4,74.9,3.6,6.08,StandingSave
2647574505.0,325,28,52,FirstHalf,Man City,167,365409,Julián Alvarez,Pass,Successful,61.4,74.9,59.4,70.0,True,Center,59.4,70.0,3.9,4.15,StandingSave
2647574529.0,326,28,53,FirstHalf,Man City,167,303139,Rodri,Pass,Successful,59.4,70.0,56.0,74.6,True,Center,56.0,74.6,4.7,2.42,StandingSave
2647574661.0,327,28,55,FirstHalf,Man City,167,313171,Rúben Dias,Pass,Successful,55.1,74.3,45.9,44.3,True,Back,45.9,44.3,22.6,4.27,StandingSave
2647574769.0,328,29,1,FirstHalf,Man City,167,297390,Manuel Akanji,Pass,Successful,52.9,36.4,48.5,59.0,True,Back,48.5,59.0,16.0,1.86,StandingSave
2647574805.0,329,29,5,FirstHalf,Man City,167,313171,Rúben Dias,Pass,Successful,57.3,65.6,63.2,71.6,True,Center,63.2,71.6,7.4,0.58,StandingSave
2647574873.0,330,29,8,FirstHalf,Man City,167,365409,Julián Alvarez,Pass,Successful,61.3,70.5,54.2,65.8,True,Center,54.2,65.8,8.1,3.55,StandingSave
2647574911.0,331,29,11,FirstHalf,Man City,167,313171,Rúben Dias,Pass,Successful,55.2,65.0,55.9,85.6,True,Left,55.9,85.6,14.0,1.52,StandingSave
2647574957.0,332,29,13,FirstHalf,Man City,167,122945,Nathan Aké,Pass,Successful,55.5,86.1,64.1,96.6,True,Left,64.1,96.6,11.5,0.67,StandingSave
2647575013.0,333,29,16,FirstHalf,Man City,167,388098,Jérémy Doku,Pass,Successful,65.7,94.4,58.8,84.2,True,Left,58.8,84.2,10.0,3.91,StandingSave
2647575135.0,334,29,18,FirstHalf,Man City,167,122945,Nathan Aké,Pass,Successful,58.4,82.7,47.4,65.6,True,Back,47.4,65.6,16.4,3.93,StandingSave
2647575269.0,335,29,25,FirstHalf,Man City,167,313171,Rúben Dias,Pass,Successful,54.0,55.3,57.4,70.9,True,Center,57.4,70.9,11.2,1.25,StandingSave
2647691123.0,1121,29,30,FirstHalf,Man City,167,303139,Rodri,TakeOn,Unsuccessful,64.3,64.8,,,True,Center,,,,,StandingSave; Offensive
2647575271.0,336,29,31,FirstHalf,Man City,167,303139,Rodri,Foul,Successful,65.2,61.5,,,True,Center,,,,,Offensive; Foul; OppositeRelatedEvent=267
2647575263.0,267,29,31,FirstHalf,Chelsea,15,410175,Moisés Caicedo,Foul,Unsuccessful,34.8,38.5,,,False,Back,,,,,Foul; StandingSave; OppositeRelatedEvent=336; Defensive
2647575861.0,338,29,57,FirstHalf,Man City,167,303139,Rodri,Pass,Successful,67.1,75.3,85.3,91.9,True,Left,85.3,91.9,22.2,0.53,FreekickTaken; StandingSave; Chipped
2647575891.0,339,30,1,FirstHalf,Man City,167,388098,Jérémy Doku,Pass,Unsuccessful,91.9,82.7,92.8,42.1,True,Center,92.8,42.1,27.6,4.75,StandingSave; Chipped; Cross; LeftFoot
2647575937.0,268,30,3,FirstHalf,Chelsea,15,299272,Ben Chilwell,Clearance,Successful,8.7,55.8,26.9,87.4,True,Back,26.9,87.4,28.8,0.84,Head
2647576025.0,340,30,9,FirstHalf,Man City,167,297390,Manuel Akanji,Pass,Successful,56.6,17.1,35.3,27.9,True,Back,35.3,27.9,23.5,2.82,StandingSave
2647576157.0,341,30,11,FirstHalf,Man City,167,69778,Kyle Walker,Pass,Successful,35.3,27.9,21.6,43.7,True,Back,21.6,43.7,18.0,2.50,StandingSave
2647576185.0,342,30,18,FirstHalf,Man City,167,121774,Ederson,Pass,Successful,24.2,48.6,33.4,48.4,True,Back,33.4,48.4,9.7,6.27,StandingSave
2647576267.0,343,30,21,FirstHalf,Man City,167,303139,Rodri,Pass,Successful,35.1,48.6,44.6,66.7,True,Back,44.6,66.7,15.8,0.89,StandingSave
2647576311.0,344,30,23,FirstHalf,Man City,167,365409,Julián Alvarez,Pass,Successful,44.3,68.5,31.5,67.3,True,Back,31.5,67.3,13.5,3.20,StandingSave
2647576327.0,345,30,27,FirstHalf,Man City,167,313171,Rúben Dias,Pass,Successful,33.0,67.7,41.4,77.5,True,Back,41.4,77.5,11.1,0.65,StandingSave
2647576369.0,346,30,28,FirstHalf,Man City,167,365409,Julián Alvarez,Pass,Successful,41.4,77.5,34.3,68.5,True,Back,34.3,68.5,9.6,3.83,StandingSave
2647576479.0,347,30,30,FirstHalf,Man City,167,313171,Rúben Dias,Pass,Successful,39.2,68.9,45.9,93.2,True,Back,45.9,93.2,18.0,1.17,StandingSave
2647576673.0,348,30,35,FirstHalf,Man City,167,122945,Nathan Aké,Pass,Successful,43.8,92.9,38.2,75.6,True,Back,38.2,75.6,13.2,4.25,StandingSave
2647576719.0,349,30,44,FirstHalf,Man City,167,313171,Rúben Dias,Pass,Successful,57.4,82.9,65.4,86.1,True,Left,65.4,86.1,8.7,0.25,StandingSave
2647576765.0,350,30,46,FirstHalf,Man City,167,388098,Jérémy Doku,Pass,Successful,65.4,86.1,58.1,71.4,True,Center,58.1,71.4,12.6,4.06,StandingSave
2647576781.0,351,30,47,FirstHalf,Man City,167,365409,Julián Alvarez,Pass,Successful,58.4,72.1,51.1,71.9,True,Center,51.1,71.9,7.7,3.16,StandingSave
2647576811.0,352,30,49,FirstHalf,Man City,167,303139,Rodri,Pass,Successful,51.1,71.9,51.9,86.1,True,Left,51.9,86.1,9.7,1.48,StandingSave
2647576913.0,353,30,50,FirstHalf,Man City,167,122945,Nathan Aké,Pass,Successful,51.9,86.1,62.3,95.6,True,Left,62.3,95.6,12.7,0.53,StandingSave
2647576963.0,354,30,55,FirstHalf,Man City,167,313171,Rúben Dias,Pass,Successful,63.1,85.8,58.0,69.9,True,Center,58.0,69.9,12.1,4.25,StandingSave
2647576973.0,355,30,58,FirstHalf,Man City,167,303139,Rodri,Pass,Successful,60.6,72.1,63.6,66.1,True,Center,63.6,66.1,5.2,5.37,StandingSave
2647577037.0,356,30,59,FirstHalf,Man City,167,297390,Manuel Akanji,Pass,Successful,63.6,66.1,54.4,77.1,True,Center,54.4,77.1,12.2,2.48,StandingSave
2647577045.0,357,31,1,FirstHalf,Man City,167,122945,Nathan Aké,Pass,Successful,54.4,77.1,61.8,82.4,True,Left,61.8,82.4,8.6,0.43,StandingSave
2647577097.0,358,31,2,FirstHalf,Man City,167,303139,Rodri,Pass,Successful,61.8,82.4,52.4,73.6,True,Center,52.4,73.6,11.5,3.69,StandingSave
2647577163.0,359,31,6,FirstHalf,Man City,167,122945,Nathan Aké,Pass,Successful,55.9,72.1,57.0,94.7,True,Left,57.0,94.7,15.4,1.50,StandingSave
2647577263.0,360,31,10,FirstHalf,Man City,167,313171,Rúben Dias,Pass,Successful,60.1,91.3,63.9,72.4,True,Center,63.9,72.4,13.5,5.01,StandingSave
2647577287.0,361,31,16,FirstHalf,Man City,167,365409,Julián Alvarez,Pass,Unsuccessful,67.0,85.6,71.3,93.5,True,Left,71.3,93.5,7.0,0.87,StandingSave
2647577301.0,270,31,16,FirstHalf,Chelsea,15,395692,Cole Palmer,Interception,Successful,29.9,5.5,,,True,Back,,,,,StandingSave
2647577573.0,363,31,21,FirstHalf,Man City,167,73084,Kevin De Bruyne,Pass,Successful,71.0,100.0,68.7,79.3,True,Left,68.7,79.3,15.6,4.56,ThrowIn
2647745575.0,1130,31,22,FirstHalf,Man City,167,365409,Julián Alvarez,Pass,Successful,75.5,90.2,74.9,96.5,True,Left,74.9,96.5,4.3,1.72,StandingSave
2647745627.0,1131,31,25,FirstHalf,Man City,167,73084,Kevin De Bruyne,Pass,Successful,74.9,96.5,80.5,98.3,True,Left,80.5,98.3,6.0,0.21,StandingSave
2647745685.0,1132,31,27,FirstHalf,Man City,167,388098,Jérémy Doku,Pass,Successful,80.5,98.3,67.7,81.5,True,Left,67.7,81.5,17.6,3.85,StandingSave
2647692139.0,717,31,30,FirstHalf,Chelsea,15,375621,Conor Gallagher,Challenge,Unsuccessful,34.1,23.6,,,False,Back,,,,,Defensive; OppositeRelatedEvent=1122
2647692135.0,1122,31,30,FirstHalf,Man City,167,303139,Rodri,TakeOn,Successful,65.9,76.4,,,True,Center,,,,,OppositeRelatedEvent=717; StandingSave; Offensive
2647577585.0,364,31,33,FirstHalf,Man City,167,303139,Rodri,Pass,Successful,70.0,77.1,65.1,92.5,True,Left,65.1,92.5,11.7,2.03,StandingSave
2647577651.0,365,31,34,FirstHalf,Man City,167,313171,Rúben Dias,Pass,Successful,65.1,92.5,76.3,95.9,True,Left,76.3,95.9,12.0,0.19,StandingSave
2647577741.0,366,31,36,FirstHalf,Man City,167,388098,Jérémy Doku,Pass,Successful,76.9,96.1,67.7,91.7,True,Left,67.7,91.7,10.1,3.44,StandingSave
2647577755.0,367,31,41,FirstHalf,Man City,167,313171,Rúben Dias,Pass,Successful,68.5,88.5,86.6,84.9,True,Left,86.6,84.9,19.2,6.16,StandingSave
2647577775.0,368,31,42,FirstHalf,Man City,167,73084,Kevin De Bruyne,Pass,Successful,86.6,84.9,83.7,66.3,True,Center,83.7,66.3,13.0,4.48,StandingSave
2647577783.0,369,31,43,FirstHalf,Man City,167,365409,Julián Alvarez,BallTouch,Unsuccessful,83.7,66.3,,,True,Center,,,,,StandingSave
2647577839.0,272,31,44,FirstHalf,Chelsea,15,300426,Axel Disasi,Clearance,Successful,8.8,32.2,11.1,32.2,True,Back,11.1,32.2,2.4,0.00,OppositeRelatedEvent=370; StandingSave
2647577815.0,370,31,44,FirstHalf,Man City,167,365409,Julián Alvarez,BlockedPass,Successful,83.7,66.3,,,True,Center,,,,,StandingSave; OppositeRelatedEvent=272; Defensive
2647577847.0,273,31,47,FirstHalf,Chelsea,15,426050,Nicolas Jackson,BallRecovery,Successful,43.7,41.2,,,False,,,,,,
2647577951.0,274,31,50,FirstHalf,Chelsea,15,426050,Nicolas Jackson,Pass,Successful,48.9,46.6,54.6,64.6,True,Center,54.6,64.6,13.6,1.12,StandingSave
2647577987.0,275,31,53,FirstHalf,Chelsea,15,97692,Raheem Sterling,Pass,Successful,54.6,59.4,53.3,61.8,True,Center,53.3,61.8,2.1,2.27,StandingSave
2647577999.0,276,31,54,FirstHalf,Chelsea,15,369430,Enzo Fernández,Pass,Unsuccessful,57.7,63.7,57.7,67.9,True,Center,57.7,67.9,2.9,1.57,StandingSave
2647578023.0,371,31,54,FirstHalf,Man City,167,331254,Phil Foden,BallTouch,Successful,45.4,37.1,,,True,Back,,,,,StandingSave
2647578141.0,277,31,57,FirstHalf,Chelsea,15,299272,Ben Chilwell,Pass,Successful,54.3,90.8,54.3,76.1,True,Center,54.3,76.1,10.0,4.71,StandingSave
2647578205.0,278,32,1,FirstHalf,Chelsea,15,369430,Enzo Fernández,Pass,Successful,63.2,81.5,59.1,95.6,True,Left,59.1,95.6,10.5,1.99,StandingSave
2647578249.0,279,32,3,FirstHalf,Chelsea,15,299272,Ben Chilwell,Pass,Successful,55.0,90.5,41.7,76.1,True,Back,41.7,76.1,17.1,3.75,StandingSave
2647578285.0,280,32,6,FirstHalf,Chelsea,15,421351,Levi Colwill,Pass,Successful,41.7,76.1,56.5,74.5,True,Center,56.5,74.5,15.6,6.21,StandingSave
2647578307.0,281,32,8,FirstHalf,Chelsea,15,369430,Enzo Fernández,Pass,Successful,56.5,74.5,79.4,64.9,True,Center,79.4,64.9,24.9,6.02,Chipped; StandingSave; Throughball
2647578799.0,284,32,11,FirstHalf,Chelsea,15,97692,Raheem Sterling,BallTouch,Unsuccessful,81.3,68.7,,,True,Center,,,,,
2647578395.0,374,32,12,FirstHalf,Man City,167,121774,Ederson,KeeperPickup,Successful,13.3,40.4,,,False,,,,,,
2647578435.0,375,32,14,FirstHalf,Man City,167,121774,Ederson,Pass,Successful,13.8,43.2,38.8,60.9,True,Back,38.8,60.9,28.9,0.43,StandingSave; KeeperThrow
2647578461.0,376,32,18,FirstHalf,Man City,167,365409,Julián Alvarez,Pass,Successful,39.6,61.8,72.8,80.5,True,Left,72.8,80.5,37.1,0.35,ShotAssist=15; StandingSave; Longball; KeyPass
2647578543.0,377,32,23,FirstHalf,Man City,167,388098,Jérémy Doku,SavedShot,Successful,85.3,68.2,,,True,Center,,,,,GoalMouthZ=2.5; LowCentre; RelatedEventId=376; IndividualPlay; StandingSave; BlockedY=51.4; GoalMouthY=51.2; Assisted; OppositeRelatedEvent=282; BoxLeft; BlockedX=98.9; RightFoot; FastBreak
2647578559.0,282,32,24,FirstHalf,Chelsea,15,406564,Djordje Petrovic,Save,Successful,2.3,49.9,,,True,Back,,,,,OppositeRelatedEvent=377; Hands; Collected; KeeperSaveInTheBox
2647578601.0,283,32,24,FirstHalf,Chelsea,15,406564,Djordje Petrovic,KeeperPickup,Successful,2.3,49.9,,,False,,,,,,StandingSave
2647578873.0,285,32,39,FirstHalf,Chelsea,15,406564,Djordje Petrovic,Pass,Successful,3.9,47.5,7.2,59.9,True,Back,7.2,59.9,9.1,1.18,KeeperThrow; StandingSave
2647578917.0,286,32,43,FirstHalf,Chelsea,15,421351,Levi Colwill,Pass,Successful,7.4,60.8,6.0,40.1,True,Back,6.0,40.1,14.2,4.61,StandingSave
2647578981.0,287,32,47,FirstHalf,Chelsea,15,406564,Djordje Petrovic,Pass,Unsuccessful,12.4,28.2,73.7,50.6,True,Center,73.7,50.6,66.1,0.23,Chipped; Longball; StandingSave
2647579027.0,379,32,52,FirstHalf,Man City,167,121774,Ederson,KeeperSweeper,Successful,28.5,45.7,,,False,Back,,,,,
2647578999.0,378,32,52,FirstHalf,Man City,167,121774,Ederson,BallRecovery,Successful,27.4,45.0,,,False,,,,,,
2647579047.0,380,32,53,FirstHalf,Man City,167,121774,Ederson,Pass,Successful,28.5,45.7,46.8,34.5,True,Back,46.8,34.5,20.7,5.91,StandingSave
2647579109.0,381,32,57,FirstHalf,Man City,167,303139,Rodri,Pass,Successful,54.5,32.5,57.3,11.2,True,Right,57.3,11.2,14.8,4.91,StandingSave
2647579129.0,382,33,0,FirstHalf,Man City,167,331254,Phil Foden,Pass,Successful,56.4,12.5,39.6,20.5,True,Back,39.6,20.5,18.5,2.84,StandingSave
2647579223.0,383,33,2,FirstHalf,Man City,167,69778,Kyle Walker,Pass,Successful,39.6,20.5,43.2,33.9,True,Back,43.2,33.9,9.9,1.18,StandingSave
2647579257.0,384,33,6,FirstHalf,Man City,167,297390,Manuel Akanji,Pass,Successful,43.3,33.0,52.1,43.5,True,Center,52.1,43.5,11.7,0.66,StandingSave
2647579311.0,385,33,8,FirstHalf,Man City,167,303139,Rodri,Pass,Successful,46.8,49.2,54.7,82.4,True,Left,54.7,82.4,24.1,1.22,StandingSave
2647579357.0,386,33,11,FirstHalf,Man City,167,122945,Nathan Aké,Pass,Successful,54.7,82.4,64.5,95.4,True,Left,64.5,95.4,13.6,0.71,StandingSave
2647579411.0,387,33,15,FirstHalf,Man City,167,388098,Jérémy Doku,Pass,Successful,66.3,94.4,60.7,79.5,True,Left,60.7,79.5,11.7,4.19,StandingSave
2647579483.0,388,33,17,FirstHalf,Man City,167,122945,Nathan Aké,Pass,Successful,60.7,79.5,56.0,67.7,True,Center,56.0,67.7,9.4,4.16,StandingSave
2647579593.0,389,33,23,FirstHalf,Man City,167,313171,Rúben Dias,Pass,Unsuccessful,69.5,75.1,87.7,100.0,True,Left,87.7,100.0,26.5,0.76,StandingSave
2647580151.0,290,33,56,FirstHalf,Chelsea,15,403850,Malo Gusto,Pass,Successful,14.6,0.0,26.2,4.3,True,Back,26.2,4.3,12.8,0.30,ThrowIn
2647580167.0,291,33,58,FirstHalf,Chelsea,15,369430,Enzo Fernández,Pass,Unsuccessful,26.2,4.4,33.5,10.4,True,Back,33.5,10.4,8.7,0.49,HeadPass
2647580181.0,391,33,59,FirstHalf,Man City,167,313171,Rúben Dias,BallRecovery,Successful,60.3,78.2,,,False,,,,,,
2647580211.0,392,34,0,FirstHalf,Man City,167,313171,Rúben Dias,Pass,Successful,60.3,78.2,66.7,76.6,True,Center,66.7,76.6,6.8,6.12,StandingSave
2647580221.0,393,34,1,FirstHalf,Man City,167,73084,Kevin De Bruyne,Foul,Successful,69.1,79.6,,,True,Left,,,,,Foul; Offensive; OppositeRelatedEvent=292
2647580207.0,292,34,1,FirstHalf,Chelsea,15,410175,Moisés Caicedo,Foul,Unsuccessful,30.9,20.4,,,False,Back,,,,,StandingSave; Foul; Defensive; OppositeRelatedEvent=393; RelatedEventId=293
2647580279.0,293,34,6,FirstHalf,Chelsea,15,410175,Moisés Caicedo,Card,Successful,0.0,0.0,,,False,,,,,,Foul=243; RelatedEventId=292; Yellow
2647581133.0,394,34,54,FirstHalf,Man City,167,331254,Phil Foden,Pass,Unsuccessful,71.3,78.5,91.0,47.0,True,Center,91.0,47.0,29.8,5.48,Cross; LeftFoot; StandingSave; FreekickTaken; Chipped
2647581183.0,294,34,56,FirstHalf,Chelsea,15,421351,Levi Colwill,Clearance,Successful,8.0,53.3,3.9,87.1,True,Back,3.9,87.1,23.4,1.76,Head
2647581217.0,295,35,0,FirstHalf,Chelsea,15,375621,Conor Gallagher,BallRecovery,Successful,3.9,87.2,,,False,,,,,,
2647581305.0,296,35,2,FirstHalf,Chelsea,15,375621,Conor Gallagher,Pass,Unsuccessful,10.7,84.4,65.2,97.1,True,Left,65.2,97.1,57.9,0.15,StandingSave; Longball
2647581321.0,395,35,7,FirstHalf,Man City,167,73084,Kevin De Bruyne,BallRecovery,Successful,28.8,4.9,,,False,,,,,,
2647581407.0,396,35,7,FirstHalf,Man City,167,73084,Kevin De Bruyne,Pass,Successful,28.8,4.9,11.4,25.9,True,Back,11.4,25.9,23.2,2.48,StandingSave
2647581529.0,397,35,11,FirstHalf,Man City,167,121774,Ederson,Pass,Successful,13.7,33.5,32.0,75.3,True,Back,32.0,75.3,34.3,0.98,StandingSave; Longball
2647581567.0,398,35,18,FirstHalf,Man City,167,313171,Rúben Dias,Pass,Successful,41.7,78.3,40.6,90.0,True,Back,40.6,90.0,8.0,1.71,StandingSave
2647581759.0,399,35,20,FirstHalf,Man City,167,122945,Nathan Aké,Pass,Successful,40.6,90.0,37.0,73.4,True,Back,37.0,73.4,11.9,4.39,StandingSave
2647581861.0,400,35,30,FirstHalf,Man City,167,303139,Rodri,Pass,Successful,47.5,43.2,44.1,71.7,True,Back,44.1,71.7,19.7,1.75,StandingSave
2647581929.0,401,35,33,FirstHalf,Man City,167,313171,Rúben Dias,Pass,Successful,46.1,73.3,51.8,82.6,True,Left,51.8,82.6,8.7,0.81,StandingSave
2647581981.0,402,35,38,FirstHalf,Man City,167,122945,Nathan Aké,Pass,Successful,55.4,75.1,47.8,65.0,True,Back,47.8,65.0,10.5,3.85,StandingSave
2647582029.0,403,35,41,FirstHalf,Man City,167,313171,Rúben Dias,Pass,Successful,53.8,55.8,52.2,36.2,True,Center,52.2,36.2,13.4,4.59,StandingSave
2647582079.0,404,35,44,FirstHalf,Man City,167,69778,Kyle Walker,Pass,Successful,54.7,34.4,84.1,44.0,True,Center,84.1,44.0,31.6,0.21,StandingSave; Chipped
2647582087.0,405,35,46,FirstHalf,Man City,167,315227,Erling Haaland,BallTouch,Unsuccessful,84.1,44.0,,,True,Center,,,,,StandingSave; OtherBodyPart
2647694161.0,718,35,48,FirstHalf,Chelsea,15,406564,Djordje Petrovic,Smother,Successful,10.8,42.9,,,True,,,,,,
2647582109.0,297,35,49,FirstHalf,Chelsea,15,406564,Djordje Petrovic,KeeperPickup,Successful,10.1,38.5,,,False,,,,,,
2647582275.0,298,35,55,FirstHalf,Chelsea,15,406564,Djordje Petrovic,Pass,Successful,14.3,42.1,14.1,58.4,True,Back,14.1,58.4,11.1,1.59,KeeperThrow; StandingSave
2647582313.0,299,36,0,FirstHalf,Chelsea,15,421351,Levi Colwill,Pass,Successful,13.9,57.0,3.6,46.1,True,Back,3.6,46.1,13.1,3.74,StandingSave
2647582361.0,300,36,2,FirstHalf,Chelsea,15,406564,Djordje Petrovic,Pass,Successful,3.0,40.4,2.5,22.4,True,Back,2.5,22.4,12.3,4.67,StandingSave
2647582399.0,301,36,4,FirstHalf,Chelsea,15,300426,Axel Disasi,Pass,Successful,4.1,20.7,34.5,31.6,True,Back,34.5,31.6,32.8,0.23,StandingSave; Longball
2647582405.0,302,36,7,FirstHalf,Chelsea,15,375621,Conor Gallagher,Foul,Successful,34.4,32.0,,,True,Back,,,,,OppositeRelatedEvent=406; Offensive; Foul
2647582413.0,406,36,7,FirstHalf,Man City,167,313171,Rúben Dias,Foul,Unsuccessful,65.6,68.0,,,False,Center,,,,,Foul; Defensive; StandingSave; OppositeRelatedEvent=302
2647582507.0,303,36,10,FirstHalf,Chelsea,15,375621,Conor Gallagher,Pass,Successful,33.4,32.7,22.1,59.1,True,Back,22.1,59.1,21.5,2.15,FreekickTaken; StandingSave
2647582527.0,304,36,17,FirstHalf,Chelsea,15,421351,Levi Colwill,Pass,Unsuccessful,40.8,94.2,59.3,71.7,True,Center,59.3,71.7,24.7,5.62,StandingSave
2647582539.0,407,36,18,FirstHalf,Man City,167,297390,Manuel Akanji,BallRecovery,Successful,38.8,29.1,,,False,,,,,,
2647582619.0,408,36,20,FirstHalf,Man City,167,297390,Manuel Akanji,Pass,Successful,41.2,28.4,55.9,40.6,True,Center,55.9,40.6,17.5,0.49,StandingSave
2647582657.0,409,36,22,FirstHalf,Man City,167,315227,Erling Haaland,Pass,Successful,56.1,31.7,59.9,21.5,True,Center,59.9,21.5,8.0,5.23,StandingSave
2647582667.0,410,36,24,FirstHalf,Man City,167,303139,Rodri,Foul,Successful,57.9,23.4,,,True,Center,,,,,Foul; OppositeRelatedEvent=305; Offensive
2647582683.0,305,36,24,FirstHalf,Chelsea,15,97692,Raheem Sterling,Foul,Unsuccessful,42.1,76.6,,,False,Back,,,,,Foul; OppositeRelatedEvent=410; StandingSave; Defensive
2647582829.0,411,36,31,FirstHalf,Man City,167,303139,Rodri,Pass,Successful,57.3,25.1,47.2,50.1,True,Back,47.2,50.1,20.0,2.13,FreekickTaken; StandingSave
2647582923.0,412,36,33,FirstHalf,Man City,167,313171,Rúben Dias,Pass,Successful,53.1,53.8,59.2,82.9,True,Left,59.2,82.9,20.8,1.26,StandingSave
2647583011.0,413,36,36,FirstHalf,Man City,167,122945,Nathan Aké,Pass,Successful,63.3,89.5,76.5,95.1,True,Left,76.5,95.1,14.4,0.27,StandingSave
2647583073.0,414,36,41,FirstHalf,Man City,167,388098,Jérémy Doku,Pass,Successful,77.7,94.7,67.9,86.1,True,Left,67.9,86.1,11.8,3.66,StandingSave
2647583137.0,415,36,44,FirstHalf,Man City,167,122945,Nathan Aké,Pass,Successful,68.3,84.9,64.6,73.3,True,Center,64.6,73.3,8.8,4.25,StandingSave
2647583199.0,416,36,46,FirstHalf,Man City,167,303139,Rodri,Pass,Successful,66.0,72.1,80.0,12.4,True,Right,80.0,12.4,43.2,5.06,Longball; Chipped; StandingSave
2647583381.0,417,36,50,FirstHalf,Man City,167,331254,Phil Foden,Pass,Successful,80.0,12.4,65.1,20.5,True,Right,65.1,20.5,16.6,2.80,StandingSave
2647583383.0,418,36,59,FirstHalf,Man City,167,69778,Kyle Walker,BallTouch,Successful,59.6,27.1,,,True,Center,,,,,StandingSave
2647584371.0,308,37,42,FirstHalf,Chelsea,15,299272,Ben Chilwell,Pass,Successful,44.1,100.0,49.1,89.0,True,Back,49.1,89.0,10.0,5.26,ThrowIn
2647584379.0,309,37,45,FirstHalf,Chelsea,15,97692,Raheem Sterling,BallTouch,Successful,52.2,92.3,,,True,Left,,,,,StandingSave
2647584387.0,421,37,49,FirstHalf,Man City,167,121774,Ederson,BallRecovery,Successful,21.5,30.3,,,False,,,,,,
2647584427.0,422,37,51,FirstHalf,Man City,167,121774,Ederson,Pass,Successful,21.2,35.5,29.6,61.6,True,Back,29.6,61.6,19.8,1.11,StandingSave
2647584561.0,423,37,59,FirstHalf,Man City,167,313171,Rúben Dias,Pass,Successful,35.9,66.0,41.3,75.5,True,Back,41.3,75.5,8.6,0.85,StandingSave
2647584619.0,424,38,1,FirstHalf,Man City,167,365409,Julián Alvarez,Pass,Successful,41.3,75.5,31.7,85.1,True,Back,31.7,85.1,12.0,2.57,StandingSave
2647584715.0,425,38,6,FirstHalf,Man City,167,122945,Nathan Aké,Pass,Successful,39.0,79.3,30.4,69.2,True,Back,30.4,69.2,11.3,3.79,StandingSave
2647584757.0,426,38,12,FirstHalf,Man City,167,313171,Rúben Dias,Pass,Successful,34.4,65.0,45.0,59.0,True,Back,45.0,59.0,11.9,5.93,StandingSave
2647584773.0,427,38,13,FirstHalf,Man City,167,73084,Kevin De Bruyne,Pass,Successful,45.0,59.0,29.0,61.8,True,Back,29.0,61.8,16.9,3.03,LayOff; StandingSave
2647584901.0,428,38,18,FirstHalf,Man City,167,313171,Rúben Dias,Pass,Successful,34.1,55.0,36.1,81.4,True,Back,36.1,81.4,18.1,1.45,StandingSave
2647585023.0,429,38,22,FirstHalf,Man City,167,122945,Nathan Aké,Pass,Successful,39.5,86.9,54.5,95.1,True,Left,54.5,95.1,16.7,0.34,StandingSave
2647585055.0,430,38,26,FirstHalf,Man City,167,388098,Jérémy Doku,Pass,Unsuccessful,54.7,75.5,53.3,58.4,True,Center,53.3,58.4,11.7,4.59,StandingSave
2647585525.0,433,38,48,FirstHalf,Man City,167,303139,Rodri,Pass,Successful,60.7,60.6,79.8,9.8,True,Right,79.8,9.8,39.9,5.24,Longball; Chipped; StandingSave
2647585563.0,434,38,52,FirstHalf,Man City,167,331254,Phil Foden,Pass,Successful,79.8,9.8,70.4,16.1,True,Right,70.4,16.1,10.8,2.73,StandingSave
2647585591.0,435,38,54,FirstHalf,Man City,167,69778,Kyle Walker,Pass,Successful,70.4,16.1,71.2,27.1,True,Center,71.2,27.1,7.5,1.46,StandingSave
2647585635.0,436,38,55,FirstHalf,Man City,167,297390,Manuel Akanji,Pass,Unsuccessful,71.2,27.1,85.1,3.2,True,Right,85.1,3.2,21.8,5.44,StandingSave
2647585645.0,312,38,58,FirstHalf,Chelsea,15,299272,Ben Chilwell,Clearance,Successful,7.4,96.8,10.0,100.0,True,Back,10.0,100.0,4.2,0.85,
2647585807.0,438,39,7,FirstHalf,Man City,167,73084,Kevin De Bruyne,Pass,Successful,86.2,0.0,86.0,9.3,True,Right,86.0,9.3,7.5,1.60,ThrowIn
2647585867.0,439,39,8,FirstHalf,Man City,167,297390,Manuel Akanji,Pass,Successful,86.0,9.3,76.3,4.9,True,Right,76.3,4.9,10.6,3.43,StandingSave
2647585895.0,440,39,13,FirstHalf,Man City,167,69778,Kyle Walker,Pass,Successful,74.4,5.6,68.6,5.6,True,Right,68.6,5.6,6.1,3.14,StandingSave
2647585957.0,441,39,14,FirstHalf,Man City,167,73084,Kevin De Bruyne,Pass,Successful,68.6,5.6,51.4,13.7,True,Right,51.4,13.7,18.9,2.85,StandingSave
2647586099.0,442,39,17,FirstHalf,Man City,167,313171,Rúben Dias,Pass,Successful,46.0,16.9,47.5,57.9,True,Back,47.5,57.9,27.9,1.51,StandingSave
2647586149.0,443,39,23,FirstHalf,Man City,167,122945,Nathan Aké,Pass,Successful,61.8,66.1,61.1,58.7,True,Center,61.1,58.7,5.1,4.57,StandingSave
2647586173.0,444,39,26,FirstHalf,Man City,167,303139,Rodri,Pass,Successful,64.1,65.6,66.4,56.3,True,Center,66.4,56.3,6.8,5.08,StandingSave
2647586225.0,445,39,27,FirstHalf,Man City,167,297390,Manuel Akanji,Pass,Successful,66.4,56.3,54.8,57.7,True,Center,54.8,57.7,12.2,3.06,LayOff; StandingSave
2647586255.0,446,39,29,FirstHalf,Man City,167,313171,Rúben Dias,Pass,Successful,54.8,57.7,58.8,67.7,True,Center,58.8,67.7,8.0,1.02,StandingSave
2647586287.0,447,39,30,FirstHalf,Man City,167,303139,Rodri,Pass,Successful,58.8,67.7,65.0,62.4,True,Center,65.0,62.4,7.4,5.78,StandingSave
2647586323.0,448,39,32,FirstHalf,Man City,167,297390,Manuel Akanji,Pass,Successful,66.5,62.4,65.7,86.9,True,Left,65.7,86.9,16.7,1.62,StandingSave
2647586411.0,449,39,34,FirstHalf,Man City,167,365409,Julián Alvarez,Pass,Successful,65.7,86.9,77.9,95.1,True,Left,77.9,95.1,14.0,0.41,StandingSave
2647586485.0,450,39,39,FirstHalf,Man City,167,388098,Jérémy Doku,Pass,Successful,75.7,84.1,71.3,85.8,True,Left,71.3,85.8,4.8,2.90,StandingSave
2647586555.0,451,39,44,FirstHalf,Man City,167,365409,Julián Alvarez,Pass,Successful,73.6,84.2,71.9,93.0,True,Left,71.9,93.0,6.2,1.86,StandingSave
2647586601.0,452,39,48,FirstHalf,Man City,167,122945,Nathan Aké,Pass,Successful,67.9,86.8,61.1,73.8,True,Center,61.1,73.8,11.4,4.03,StandingSave
2647586781.0,453,39,52,FirstHalf,Man City,167,313171,Rúben Dias,Pass,Successful,62.7,73.3,76.2,93.0,True,Left,76.2,93.0,19.5,0.76,StandingSave
2647586923.0,454,40,2,FirstHalf,Man City,167,388098,Jérémy Doku,Pass,Successful,72.8,83.9,67.9,76.8,True,Center,67.9,76.8,7.1,3.90,StandingSave
2647586929.0,455,40,8,FirstHalf,Man City,167,303139,Rodri,Foul,Successful,63.4,79.3,,,True,Left,,,,,OppositeRelatedEvent=315; Foul; Offensive
2647586945.0,315,40,8,FirstHalf,Chelsea,15,375621,Conor Gallagher,Foul,Unsuccessful,36.6,20.7,,,False,Back,,,,,StandingSave; Defensive; OppositeRelatedEvent=455; Foul
2647587091.0,456,40,14,FirstHalf,Man City,167,303139,Rodri,Pass,Successful,65.3,77.8,72.8,78.3,True,Center,72.8,78.3,7.9,0.04,FreekickTaken; StandingSave
2647587107.0,457,40,15,FirstHalf,Man City,167,331254,Phil Foden,Pass,Successful,72.8,78.3,63.6,73.3,True,Center,63.6,73.3,10.2,3.48,StandingSave
2647587213.0,458,40,18,FirstHalf,Man City,167,303139,Rodri,Pass,Successful,61.7,62.6,67.9,16.8,True,Right,67.9,16.8,31.8,4.92,StandingSave
2647587263.0,459,40,23,FirstHalf,Man City,167,69778,Kyle Walker,Pass,Successful,80.9,11.0,71.3,20.2,True,Right,71.3,20.2,11.9,2.59,StandingSave
2647587301.0,460,40,26,FirstHalf,Man City,167,73084,Kevin De Bruyne,Pass,Successful,73.9,25.4,76.9,41.6,True,Center,76.9,41.6,11.5,1.29,StandingSave
2647587309.0,461,40,27,FirstHalf,Man City,167,331254,Phil Foden,Dispossessed,Successful,79.6,40.2,,,True,Center,,,,,OppositeRelatedEvent=316; Offensive
2647587331.0,316,40,27,FirstHalf,Chelsea,15,421351,Levi Colwill,Tackle,Unsuccessful,20.4,59.8,,,True,Back,,,,,OppositeRelatedEvent=461; Defensive; StandingSave
2647587321.0,462,40,27,FirstHalf,Man City,167,331254,Phil Foden,BallTouch,Successful,76.9,41.6,,,True,Center,,,,,StandingSave
2647587423.0,317,40,29,FirstHalf,Chelsea,15,299272,Ben Chilwell,Clearance,Successful,11.7,65.8,14.5,40.1,True,Back,14.5,40.1,17.7,4.88,StandingSave
2647587465.0,318,40,32,FirstHalf,Chelsea,15,403850,Malo Gusto,Clearance,Successful,14.7,39.8,19.6,32.4,True,Back,19.6,32.4,7.2,5.51,StandingSave; Head
2647587493.0,319,40,34,FirstHalf,Chelsea,15,395692,Cole Palmer,BallTouch,Successful,19.6,32.5,,,True,Back,,,,,OtherBodyPart; StandingSave
2647587587.0,320,40,35,FirstHalf,Chelsea,15,403850,Malo Gusto,Pass,Unsuccessful,14.3,30.7,40.7,17.0,True,Back,40.7,17.0,29.2,5.96,StandingSave; Longball
2647702605.0,1123,40,42,FirstHalf,Man City,167,122945,Nathan Aké,TakeOn,Unsuccessful,68.3,96.0,,,True,Left,,,,,StandingSave; Offensive
2647587665.0,464,40,42,FirstHalf,Man City,167,122945,Nathan Aké,Foul,Successful,69.8,96.1,,,True,Left,,,,,Offensive; OppositeRelatedEvent=321; Foul
2647587655.0,321,40,42,FirstHalf,Chelsea,15,395692,Cole Palmer,Foul,Unsuccessful,30.2,3.9,,,False,Back,,,,,Defensive; OppositeRelatedEvent=464; Foul; StandingSave
2647587909.0,466,40,56,FirstHalf,Man City,167,73084,Kevin De Bruyne,Pass,Successful,72.8,94.7,67.7,81.5,True,Left,67.7,81.5,10.5,4.17,FreekickTaken; StandingSave
2647587949.0,467,40,57,FirstHalf,Man City,167,303139,Rodri,Pass,Successful,67.7,81.5,72.9,95.2,True,Left,72.9,95.2,10.8,1.04,StandingSave
2647588013.0,468,40,59,FirstHalf,Man City,167,73084,Kevin De Bruyne,Pass,Successful,73.7,92.0,89.1,69.7,True,Center,89.1,69.7,22.2,5.53,IntentionalAssist; Chipped; StandingSave; ShotAssist=15; KeyPass
2647588015.0,469,41,2,FirstHalf,Man City,167,365409,Julián Alvarez,SavedShot,Successful,91.2,66.5,,,True,Center,,,,,BoxLeft; Assisted; RegularPlay; BlockedY=62.6; LowRight; BlockedX=92.9; Volley; OppositeRelatedEvent=324; GoalMouthZ=19; RelatedEventId=468; LeftFoot; StandingSave; GoalMouthY=46.7; Blocked; IntentionalAssist
2647588009.0,324,41,2,FirstHalf,Chelsea,15,369430,Enzo Fernández,Save,Successful,7.1,37.4,,,True,Back,,,,,OutfielderBlock; StandingSave; OtherBodyPart; OppositeRelatedEvent=469
2647588039.0,325,41,4,FirstHalf,Chelsea,15,403850,Malo Gusto,BallRecovery,Successful,9.2,23.1,,,False,,,,,,
2647588073.0,326,41,5,FirstHalf,Chelsea,15,403850,Malo Gusto,Pass,Unsuccessful,9.7,21.9,33.5,11.1,True,Back,33.5,11.1,26.0,6.00,Chipped; StandingSave
2647588099.0,470,41,6,FirstHalf,Man City,167,73084,Kevin De Bruyne,BallTouch,Unsuccessful,73.5,88.0,,,True,Left,,,,,StandingSave
2647588133.0,327,41,8,FirstHalf,Chelsea,15,426050,Nicolas Jackson,Pass,Successful,36.9,18.8,41.1,3.5,True,Back,41.1,3.5,11.3,5.11,StandingSave
2647588211.0,328,41,10,FirstHalf,Chelsea,15,395692,Cole Palmer,Pass,Successful,42.4,2.8,62.6,10.7,True,Right,62.6,10.7,21.9,0.25,StandingSave
2647588239.0,329,41,13,FirstHalf,Chelsea,15,426050,Nicolas Jackson,Pass,Successful,64.1,11.7,81.5,62.7,True,Center,81.5,62.7,39.2,1.09,StandingSave; FastBreak; ShotAssist=16; Longball; IntentionalAssist; BigChanceCreated; IntentionalGoalAssist; KeyPass
2647588333.0,330,41,16,FirstHalf,Chelsea,15,97692,Raheem Sterling,TakeOn,Successful,90.8,64.8,,,True,Center,,,,,Offensive; OppositeRelatedEvent=471; StandingSave
2647588265.0,471,41,16,FirstHalf,Man City,167,69778,Kyle Walker,Challenge,Unsuccessful,9.2,35.2,,,False,Back,,,,,Defensive; OppositeRelatedEvent=330
2647588339.0,331,41,18,FirstHalf,Chelsea,15,97692,Raheem Sterling,Goal,Successful,89.1,59.0,,,True,Center,,,,,RelatedEventId=329; RightFoot; StandingSave; BoxCentre; Assisted; BigChance; GoalMouthY=46.4; FastBreak; GoalMouthZ=14.6; IntentionalAssist; OneOnOne; LowRight; IndividualPlay
2647589915.0,474,42,21,FirstHalf,Man City,167,315227,Erling Haaland,Pass,Successful,50.0,49.7,37.7,52.8,True,Back,37.7,52.8,13.1,2.98,StandingSave
2647745997.0,1133,42,27,FirstHalf,Man City,167,303139,Rodri,Pass,Successful,46.6,49.3,36.7,60.2,True,Back,36.7,60.2,12.8,2.52,StandingSave
2647746053.0,1134,42,32,FirstHalf,Man City,167,313171,Rúben Dias,Pass,Successful,57.4,74.9,48.0,47.0,True,Back,48.0,47.0,21.4,4.23,StandingSave
2647589949.0,475,42,39,FirstHalf,Man City,167,297390,Manuel Akanji,Pass,Successful,55.6,33.1,64.1,7.0,True,Right,64.1,7.0,19.9,5.18,StandingSave
2647589971.0,476,42,44,FirstHalf,Man City,167,331254,Phil Foden,Pass,Successful,81.6,16.4,92.7,14.1,True,Right,92.7,14.1,11.8,6.15,StandingSave
2647589995.0,477,42,47,FirstHalf,Man City,167,73084,Kevin De Bruyne,Pass,Successful,94.3,23.9,88.3,30.0,True,Center,88.3,30.0,7.5,2.56,ShotAssist=15; StandingSave; IntentionalAssist; KeyPass
2647590001.0,478,42,49,FirstHalf,Man City,167,331254,Phil Foden,SavedShot,Successful,86.2,35.2,,,True,Center,,,,,LowCentre; GoalMouthZ=19; BlockedY=41.7; IntentionalAssist; BoxRight; Assisted; RegularPlay; OppositeRelatedEvent=332; RelatedEventId=477; LeftFoot; BlockedX=92.9; StandingSave; GoalMouthY=48.5; Blocked
2647590003.0,332,42,49,FirstHalf,Chelsea,15,421351,Levi Colwill,Save,Successful,7.1,58.3,,,True,Back,,,,,OtherBodyPart; StandingSave; OppositeRelatedEvent=478; OutfielderBlock
2647590061.0,479,42,51,FirstHalf,Man City,167,297390,Manuel Akanji,Pass,Successful,78.1,25.7,89.7,64.1,True,Center,89.7,64.1,28.8,1.13,Cross; StandingSave; Chipped; RightFoot
2647590075.0,480,42,53,FirstHalf,Man City,167,388098,Jérémy Doku,Pass,Unsuccessful,89.7,64.1,90.1,53.5,True,Center,90.1,53.5,7.2,4.77,StandingSave
2647590129.0,333,42,54,FirstHalf,Chelsea,15,300426,Axel Disasi,Clearance,Successful,9.2,46.9,22.7,28.3,True,Back,22.7,28.3,19.0,5.55,StandingSave
2647590145.0,481,42,57,FirstHalf,Man City,167,365409,Julián Alvarez,Pass,Successful,71.0,77.3,65.6,71.4,True,Center,65.6,71.4,6.9,3.76,StandingSave
2647590263.0,482,42,59,FirstHalf,Man City,167,122945,Nathan Aké,Pass,Successful,65.6,71.4,79.8,93.0,True,Left,79.8,93.0,20.9,0.78,StandingSave
2647590285.0,483,43,6,FirstHalf,Man City,167,388098,Jérémy Doku,Pass,Successful,86.8,95.1,74.8,91.0,True,Left,74.8,91.0,12.9,3.36,StandingSave
2647590449.0,484,43,11,FirstHalf,Man City,167,365409,Julián Alvarez,Pass,Successful,68.9,72.1,65.3,50.6,True,Center,65.3,50.6,15.1,4.46,StandingSave
2647590507.0,485,43,13,FirstHalf,Man City,167,313171,Rúben Dias,Pass,Successful,65.3,50.6,69.9,25.9,True,Center,69.9,25.9,17.5,4.99,StandingSave
2647590517.0,486,43,16,FirstHalf,Man City,167,73084,Kevin De Bruyne,TakeOn,Unsuccessful,69.6,14.2,,,True,Right,,,,,Offensive; StandingSave; OppositeRelatedEvent=335
2647590533.0,335,43,16,FirstHalf,Chelsea,15,97692,Raheem Sterling,Tackle,Successful,30.4,85.8,,,True,Back,,,,,StandingSave; OppositeRelatedEvent=486; Defensive
2647590537.0,336,43,18,FirstHalf,Chelsea,15,97692,Raheem Sterling,BallRecovery,Successful,30.3,94.4,,,False,,,,,,
2647590609.0,337,43,19,FirstHalf,Chelsea,15,97692,Raheem Sterling,Pass,Successful,24.5,95.0,15.4,87.8,True,Back,15.4,87.8,10.7,3.62,StandingSave
2647590643.0,338,43,21,FirstHalf,Chelsea,15,299272,Ben Chilwell,Pass,Successful,15.4,87.8,22.8,85.6,True,Back,22.8,85.6,7.9,6.09,StandingSave
2647590661.0,339,43,21,FirstHalf,Chelsea,15,369430,Enzo Fernández,Pass,Unsuccessful,22.8,85.6,23.3,100.0,True,Back,23.3,100.0,10.5,1.52,StandingSave
2647590989.0,488,43,32,FirstHalf,Man City,167,69778,Kyle Walker,Pass,Successful,72.6,0.0,57.2,12.9,True,Right,57.2,12.9,19.1,2.58,ThrowIn
2647591071.0,489,43,35,FirstHalf,Man City,167,313171,Rúben Dias,Pass,Successful,57.9,14.9,54.6,58.7,True,Center,54.6,58.7,30.0,1.69,StandingSave
2647591205.0,490,43,41,FirstHalf,Man City,167,122945,Nathan Aké,Pass,Successful,57.3,61.4,55.8,47.4,True,Center,55.8,47.4,9.6,4.55,StandingSave
2647591319.0,491,43,45,FirstHalf,Man City,167,303139,Rodri,Pass,Successful,73.1,42.3,81.4,14.2,True,Right,81.4,14.2,21.0,5.14,Chipped; StandingSave
2647591367.0,492,43,50,FirstHalf,Man City,167,331254,Phil Foden,Pass,Unsuccessful,81.2,15.9,95.2,53.0,True,Center,95.2,53.0,29.2,1.04,LeftFoot; Cross; StandingSave; Chipped
2647591369.0,342,43,52,FirstHalf,Chelsea,15,300426,Axel Disasi,Clearance,Successful,4.2,47.2,0.0,33.6,True,Back,0.0,33.6,10.8,4.16,Head
2647591377.0,343,43,53,FirstHalf,Chelsea,15,300426,Axel Disasi,CornerAwarded,Unsuccessful,1.8,40.3,,,False,Back,,,,,OppositeRelatedEvent=493; MissLeft
2647591393.0,493,43,53,FirstHalf,Man City,167,331254,Phil Foden,CornerAwarded,Successful,98.2,59.7,,,False,Center,,,,,MissLeft; OppositeRelatedEvent=343
2647591877.0,494,44,16,FirstHalf,Man City,167,73084,Kevin De Bruyne,Pass,Unsuccessful,99.5,99.5,96.2,58.0,True,Center,96.2,58.0,28.4,4.59,StandingSave; RightFoot; CornerTaken; Chipped; Cross
2647592133.0,346,44,17,FirstHalf,Chelsea,15,426050,Nicolas Jackson,Clearance,Successful,3.1,39.7,3.0,57.6,True,Back,3.0,57.6,12.2,1.58,Head
2647591885.0,344,44,18,FirstHalf,Chelsea,15,300426,Axel Disasi,Clearance,Successful,1.5,50.6,4.2,61.8,True,Back,4.2,61.8,8.1,1.21,Head; StandingSave
2647592047.0,495,44,18,FirstHalf,Man City,167,315227,Erling Haaland,MissedShots,Successful,96.5,40.9,,,True,Center,,,,,GoalMouthZ=20.8; Head; StandingSave; SmallBoxRight; GoalMouthY=58.5; FromCorner; FirstTouch
2647592667.0,347,45,2,FirstHalf,Chelsea,15,406564,Djordje Petrovic,Pass,Successful,5.2,51.9,53.7,63.6,True,Center,53.7,63.6,51.5,0.15,GoalKick; MissHigh; Longball
2647592673.0,348,45,5,FirstHalf,Chelsea,15,410175,Moisés Caicedo,Aerial,Successful,54.6,62.2,,,False,Center,,,,,OppositeRelatedEvent=496; Offensive
2647592647.0,496,45,5,FirstHalf,Man City,167,365409,Julián Alvarez,Aerial,Unsuccessful,45.4,37.8,,,False,Back,,,,,Defensive; OppositeRelatedEvent=348
2647592685.0,349,45,6,FirstHalf,Chelsea,15,410175,Moisés Caicedo,Pass,Unsuccessful,53.8,64.5,72.9,63.3,True,Center,72.9,63.3,20.1,6.24,HeadPass
2647592689.0,497,45,8,FirstHalf,Man City,167,297390,Manuel Akanji,BallRecovery,Successful,25.6,36.0,,,False,,,,,,
2647592735.0,498,45,8,FirstHalf,Man City,167,297390,Manuel Akanji,Pass,Successful,25.6,36.0,8.8,49.1,True,Back,8.8,49.1,19.8,2.67,StandingSave
2647592765.0,499,45,10,FirstHalf,Man City,167,121774,Ederson,Pass,Successful,8.8,49.1,19.3,46.7,True,Back,19.3,46.7,11.1,6.14,StandingSave
2647592823.0,500,45,12,FirstHalf,Man City,167,313171,Rúben Dias,Pass,Successful,19.5,46.5,15.8,25.6,True,Back,15.8,25.6,14.7,4.45,StandingSave
2647592901.0,501,45,15,FirstHalf,Man City,167,297390,Manuel Akanji,Pass,Successful,16.7,25.6,5.2,36.4,True,Back,5.2,36.4,14.1,2.60,StandingSave
2647592923.0,502,45,17,FirstHalf,Man City,167,121774,Ederson,Pass,Successful,5.5,36.4,11.3,15.2,True,Back,11.3,15.2,15.6,5.11,StandingSave
2647593027.0,503,45,19,FirstHalf,Man City,167,297390,Manuel Akanji,Pass,Successful,11.3,15.2,8.1,45.0,True,Back,8.1,45.0,20.5,1.74,StandingSave
2647593051.0,504,45,25,FirstHalf,Man City,167,121774,Ederson,Pass,Successful,21.9,63.1,24.5,77.5,True,Back,24.5,77.5,10.2,1.30,StandingSave
2647593097.0,505,45,27,FirstHalf,Man City,167,313171,Rúben Dias,Pass,Successful,26.3,76.1,37.4,93.5,True,Back,37.4,93.5,16.6,0.79,StandingSave
2647593131.0,506,45,30,FirstHalf,Man City,167,122945,Nathan Aké,Pass,Successful,38.0,93.4,31.5,79.5,True,Back,31.5,79.5,11.7,4.09,StandingSave
2647593159.0,507,45,32,FirstHalf,Man City,167,313171,Rúben Dias,Pass,Successful,31.5,79.5,35.6,92.4,True,Back,35.6,92.4,9.8,1.11,StandingSave
2647593193.0,508,45,33,FirstHalf,Man City,167,122945,Nathan Aké,Pass,Successful,35.6,91.5,38.9,75.8,True,Back,38.9,75.8,11.2,5.03,StandingSave
2647593289.0,509,45,34,FirstHalf,Man City,167,303139,Rodri,Pass,Successful,38.9,75.8,35.6,44.3,True,Back,35.6,44.3,21.7,4.55,StandingSave
2647593327.0,510,45,40,FirstHalf,Man City,167,297390,Manuel Akanji,Pass,Successful,57.0,46.2,66.9,94.9,True,Left,66.9,94.9,34.7,1.27,StandingSave; Longball
2647593333.0,511,45,44,FirstHalf,Man City,167,388098,Jérémy Doku,Pass,Successful,72.5,93.5,71.8,82.0,True,Left,71.8,82.0,7.9,4.62,StandingSave
2647593355.0,512,45,45,FirstHalf,Man City,167,303139,Rodri,Pass,Successful,71.8,82.0,89.3,83.2,True,Left,89.3,83.2,18.4,0.04,StandingSave
2647593363.0,513,45,47,FirstHalf,Man City,167,388098,Jérémy Doku,Pass,Unsuccessful,88.3,80.7,96.1,54.0,True,Center,96.1,54.0,19.9,5.14,LeftFoot; StandingSave; Cross
2647593385.0,351,45,48,FirstHalf,Chelsea,15,300426,Axel Disasi,Clearance,Successful,5.1,45.1,4.2,0.0,True,Back,4.2,0.0,31.8,4.68,
2647593485.0,515,45,54,FirstHalf,Man City,167,388098,Jérémy Doku,Pass,Successful,92.4,100.0,94.2,88.3,True,Left,94.2,88.3,9.5,4.91,ThrowIn
2647593503.0,516,45,55,FirstHalf,Man City,167,303139,Rodri,Pass,Successful,94.2,88.3,93.2,95.1,True,Left,93.2,95.1,4.7,1.79,StandingSave
2647593493.0,353,45,57,FirstHalf,Chelsea,15,395692,Cole Palmer,Challenge,Unsuccessful,6.0,11.6,,,False,Back,,,,,Defensive; OppositeRelatedEvent=540
2647594967.0,540,45,57,FirstHalf,Man City,167,388098,Jérémy Doku,TakeOn,Successful,94.0,88.4,,,True,Left,,,,,Offensive; StandingSave; OppositeRelatedEvent=353
2647593519.0,517,45,58,FirstHalf,Man City,167,388098,Jérémy Doku,Pass,Successful,95.0,89.5,88.4,74.3,True,Center,88.4,74.3,12.4,4.12,StandingSave
2647593555.0,518,46,0,FirstHalf,Man City,167,303139,Rodri,Pass,Successful,90.1,74.4,86.0,57.5,True,Center,86.0,57.5,12.3,4.35,ShotAssist=15; StandingSave; IntentionalAssist; KeyPass
2647593557.0,519,46,1,FirstHalf,Man City,167,365409,Julián Alvarez,SavedShot,Successful,87.5,60.7,,,True,Center,,,,,LowCentre; BoxCentre; IntentionalAssist; BlockedY=57.9; GoalMouthZ=19; RightFoot; StandingSave; RegularPlay; RelatedEventId=518; BlockedX=90.7; GoalMouthY=50.0; Blocked; OppositeRelatedEvent=355; Assisted
2647593763.0,355,46,1,FirstHalf,Chelsea,15,369430,Enzo Fernández,Save,Successful,9.7,44.2,,,True,Back,,,,,OutfielderBlock; OppositeRelatedEvent=519; StandingSave; OtherBodyPart
2647593563.0,354,46,3,FirstHalf,Chelsea,15,369430,Enzo Fernández,CornerAwarded,Unsuccessful,6.6,51.7,,,False,Back,,,,,OppositeRelatedEvent=520; MissLeft
2647593573.0,520,46,3,FirstHalf,Man City,167,365409,Julián Alvarez,CornerAwarded,Successful,93.4,48.3,,,False,Center,,,,,MissRight; OppositeRelatedEvent=354
2647593967.0,521,46,25,FirstHalf,Man City,167,73084,Kevin De Bruyne,Pass,Successful,99.5,0.5,85.3,9.8,True,Right,85.3,9.8,16.2,2.74,CornerTaken; StandingSave
2647593997.0,522,46,26,FirstHalf,Man City,167,365409,Julián Alvarez,Pass,Successful,84.4,10.7,81.2,47.0,True,Center,81.2,47.0,24.9,1.71,IntentionalAssist; ShotAssist=15; StandingSave; KeyPass
2647594005.0,523,46,29,FirstHalf,Man City,167,331254,Phil Foden,SavedShot,Successful,81.2,47.0,,,True,Center,,,,,GoalMouthY=48.1; RelatedEventId=522; LowRight; BlockedX=83.2; Blocked; LeftFoot; StandingSave; OutOfBoxCentre; BlockedY=47.1; Assisted; GoalMouthZ=19; OppositeRelatedEvent=356; IntentionalAssist; FromCorner; IndividualPlay
2647594019.0,356,46,29,FirstHalf,Chelsea,15,300426,Axel Disasi,Save,Successful,16.8,52.9,,,True,Back,,,,,OutfielderBlock; StandingSave; OppositeRelatedEvent=523
2647594083.0,524,46,32,FirstHalf,Man City,167,73084,Kevin De Bruyne,Pass,Unsuccessful,97.2,22.7,88.4,63.8,True,Center,88.4,63.8,29.4,1.89,RightFoot; Chipped; StandingSave; Cross
2647594113.0,357,46,34,FirstHalf,Chelsea,15,421351,Levi Colwill,Clearance,Successful,14.1,38.2,32.8,28.2,True,Back,32.8,28.2,20.8,5.95,Head
2647594171.0,525,46,37,FirstHalf,Man City,167,331254,Phil Foden,Pass,Successful,67.2,72.7,34.8,53.6,True,Back,34.8,53.6,36.4,3.51,StandingSave; Longball
2647594187.0,526,46,41,FirstHalf,Man City,167,121774,Ederson,Pass,Successful,34.8,53.6,50.5,19.1,True,Right,50.5,19.1,28.7,5.32,StandingSave
2647594305.0,527,46,46,FirstHalf,Man City,167,365409,Julián Alvarez,Pass,Successful,55.0,23.4,48.1,59.7,True,Back,48.1,59.7,25.7,1.86,StandingSave
2647594389.0,528,46,51,FirstHalf,Man City,167,313171,Rúben Dias,Pass,Successful,62.6,66.7,55.5,45.0,True,Center,55.5,45.0,16.5,4.24,StandingSave
2647594411.0,529,46,53,FirstHalf,Man City,167,69778,Kyle Walker,Pass,Successful,56.1,39.8,71.6,15.4,True,Right,71.6,15.4,23.2,5.49,StandingSave
2647594487.0,530,46,55,FirstHalf,Man City,167,73084,Kevin De Bruyne,Pass,Successful,71.6,15.4,64.9,18.8,True,Right,64.9,18.8,7.4,2.82,StandingSave
2647594513.0,531,46,59,FirstHalf,Man City,167,365409,Julián Alvarez,Pass,Successful,66.2,28.3,53.1,35.9,True,Center,53.1,35.9,14.7,2.78,StandingSave
2647594557.0,532,47,0,FirstHalf,Man City,167,69778,Kyle Walker,Pass,Successful,53.1,35.9,53.3,61.4,True,Center,53.3,61.4,17.3,1.56,StandingSave
2647594579.0,533,47,4,FirstHalf,Man City,167,313171,Rúben Dias,Pass,Successful,56.5,65.3,62.1,82.6,True,Left,62.1,82.6,13.2,1.11,StandingSave
2647594659.0,534,47,5,FirstHalf,Man City,167,122945,Nathan Aké,Pass,Successful,62.1,82.6,74.4,95.7,True,Left,74.4,95.7,15.7,0.60,StandingSave
2647594703.0,535,47,11,FirstHalf,Man City,167,388098,Jérémy Doku,Pass,Successful,90.6,90.2,70.5,89.1,True,Left,70.5,89.1,21.1,3.18,StandingSave
2647594757.0,536,47,13,FirstHalf,Man City,167,122945,Nathan Aké,Pass,Successful,73.1,87.1,88.3,49.9,True,Center,88.3,49.9,29.9,5.28,LeftFoot; Cross; IntentionalAssist; StandingSave; Chipped; ShotAssist=13; KeyPass
2647594767.0,537,47,15,FirstHalf,Man City,167,315227,Erling Haaland,Aerial,Successful,89.2,48.2,,,False,Center,,,,,OppositeRelatedEvent=358; Offensive
2647594749.0,358,47,15,FirstHalf,Chelsea,15,421351,Levi Colwill,Aerial,Unsuccessful,10.8,51.8,,,False,Back,,,,,OppositeRelatedEvent=537; Defensive
2647594777.0,538,47,15,FirstHalf,Man City,167,315227,Erling Haaland,MissedShots,Successful,88.3,49.9,,,True,Center,,,,,GoalMouthY=41.3; BoxCentre; FirstTouch; GoalMouthZ=15.3; Assisted; RelatedEventId=536; Head; RegularPlay; IntentionalAssist
2647595387.0,360,47,51,FirstHalf,Chelsea,15,406564,Djordje Petrovic,Pass,Successful,4.8,50.1,62.2,30.4,True,Center,62.2,30.4,61.7,6.06,GoalKick; MissHigh; Longball
2647595391.0,361,47,54,FirstHalf,Chelsea,15,426050,Nicolas Jackson,Aerial,Successful,61.4,31.6,,,False,Center,,,,,Offensive; OppositeRelatedEvent=541
2647595415.0,541,47,54,FirstHalf,Man City,167,303139,Rodri,Aerial,Unsuccessful,38.6,68.4,,,False,Back,,,,,Defensive; OppositeRelatedEvent=361
2647595423.0,362,47,54,FirstHalf,Chelsea,15,426050,Nicolas Jackson,Pass,Unsuccessful,62.2,30.6,71.2,31.3,True,Center,71.2,31.3,9.5,0.05,HeadPass
2647595439.0,542,47,56,FirstHalf,Man City,167,313171,Rúben Dias,BallRecovery,Successful,29.5,65.0,,,False,,,,,,
2647595449.0,543,47,56,FirstHalf,Man City,167,313171,Rúben Dias,Pass,Unsuccessful,29.5,65.0,67.7,84.8,True,Left,67.7,84.8,42.3,0.32,Longball; StandingSave
2647595463.0,363,48,0,FirstHalf,Chelsea,15,300426,Axel Disasi,BallRecovery,Successful,39.1,18.3,,,False,,,,,,
2647595569.0,364,48,2,FirstHalf,Chelsea,15,300426,Axel Disasi,Pass,Successful,34.4,3.4,39.5,3.2,True,Back,39.5,3.2,5.4,6.26,StandingSave
2647595573.0,365,48,4,FirstHalf,Chelsea,15,,,End,Successful,0.0,0.0,,,False,,,,,,
2647595561.0,544,48,4,FirstHalf,Man City,167,,,End,Successful,0.0,0.0,,,False,,,,,,
2647608665.0,366,45,0,SecondHalf,Chelsea,15,,,Start,Successful,0.0,0.0,,,False,,,,,,
2647608633.0,548,45,0,SecondHalf,Man City,167,,,Start,Successful,0.0,0.0,,,False,,,,,,
2647608751.0,549,45,0,SecondHalf,Man City,167,365409,Julián Alvarez,Pass,Successful,49.9,49.9,41.5,51.3,True,Back,41.5,51.3,8.9,3.03,StandingSave
2647608805.0,550,45,6,SecondHalf,Man City,167,303139,Rodri,Pass,Successful,56.8,59.2,45.2,51.8,True,Back,45.2,51.8,13.2,3.53,StandingSave
2647608831.0,551,45,9,SecondHalf,Man City,167,313171,Rúben Dias,Pass,Successful,45.2,51.8,57.9,54.0,True,Center,57.9,54.0,13.4,0.11,StandingSave
2647608907.0,552,45,10,SecondHalf,Man City,167,303139,Rodri,Pass,Successful,57.9,54.0,46.8,54.3,True,Back,46.8,54.3,11.7,3.12,StandingSave
2647608953.0,553,45,15,SecondHalf,Man City,167,313171,Rúben Dias,Pass,Successful,47.6,54.0,45.5,72.4,True,Back,45.5,72.4,12.7,1.75,StandingSave
2647608993.0,554,45,18,SecondHalf,Man City,167,122945,Nathan Aké,Pass,Successful,43.5,67.5,30.9,33.0,True,Back,30.9,33.0,26.9,4.20,StandingSave
2647609019.0,555,45,21,SecondHalf,Man City,167,313171,Rúben Dias,Pass,Successful,30.9,33.0,34.0,15.2,True,Back,34.0,15.2,12.5,4.98,StandingSave
2647609071.0,556,45,22,SecondHalf,Man City,167,69778,Kyle Walker,Pass,Successful,34.0,15.2,28.1,31.5,True,Back,28.1,31.5,12.7,2.08,StandingSave
2647609155.0,557,45,28,SecondHalf,Man City,167,313171,Rúben Dias,Pass,Successful,32.2,32.2,32.2,68.7,True,Back,32.2,68.7,24.8,1.57,StandingSave
2647609231.0,558,45,31,SecondHalf,Man City,167,122945,Nathan Aké,Pass,Successful,41.5,72.6,52.9,91.2,True,Left,52.9,91.2,17.4,0.81,StandingSave
2647611271.0,570,45,34,SecondHalf,Man City,167,388098,Jérémy Doku,TakeOn,Unsuccessful,46.3,95.9,,,True,Back,,,,,OppositeRelatedEvent=368; StandingSave; Offensive
2647609259.0,368,45,37,SecondHalf,Chelsea,15,403850,Malo Gusto,Tackle,Successful,53.7,4.1,,,True,Right,,,,,OppositeRelatedEvent=570; Defensive; StandingSave
2647610999.0,374,45,38,SecondHalf,Chelsea,15,403850,Malo Gusto,Dispossessed,Successful,52.8,3.8,,,True,Right,,,,,OppositeRelatedEvent=559; Offensive
2647609241.0,559,45,39,SecondHalf,Man City,167,388098,Jérémy Doku,Tackle,Successful,47.2,96.2,,,True,Back,,,,,OppositeRelatedEvent=374; StandingSave; Defensive
2647613177.0,589,45,40,SecondHalf,Man City,167,365409,Julián Alvarez,Pass,Unsuccessful,48.1,96.3,49.4,92.4,True,Back,49.4,92.4,3.0,5.19,StandingSave
2647612923.0,388,45,40,SecondHalf,Chelsea,15,403850,Malo Gusto,Interception,Successful,49.1,6.8,,,True,Back,,,,,StandingSave
2647609447.0,560,45,40,SecondHalf,Man City,167,388098,Jérémy Doku,Dispossessed,Successful,46.6,91.8,,,True,Back,,,,,Offensive; OppositeRelatedEvent=389
2647613139.0,389,45,41,SecondHalf,Chelsea,15,403850,Malo Gusto,Tackle,Unsuccessful,53.4,8.2,,,True,Right,,,,,Defensive; StandingSave; OppositeRelatedEvent=560
2647609481.0,371,45,49,SecondHalf,Chelsea,15,410175,Moisés Caicedo,Challenge,Unsuccessful,8.3,23.5,,,False,Back,,,,,OppositeRelatedEvent=561; Defensive
2647609475.0,561,45,49,SecondHalf,Man City,167,388098,Jérémy Doku,TakeOn,Successful,91.7,76.5,,,True,Center,,,,,Offensive; OppositeRelatedEvent=371; StandingSave
2647609487.0,562,45,51,SecondHalf,Man City,167,388098,Jérémy Doku,Pass,Unsuccessful,97.0,73.4,96.5,56.3,True,Center,96.5,56.3,11.6,4.67,Chipped; LeftFoot; Cross; StandingSave
2647609531.0,372,45,51,SecondHalf,Chelsea,15,300426,Axel Disasi,Clearance,Successful,3.7,43.4,25.4,54.5,True,Back,25.4,54.5,24.0,0.32,StandingSave; Head
2647609597.0,563,45,54,SecondHalf,Man City,167,73084,Kevin De Bruyne,Pass,Successful,72.3,44.0,72.5,18.5,True,Right,72.5,18.5,17.3,4.72,StandingSave
2647609663.0,564,45,58,SecondHalf,Man City,167,69778,Kyle Walker,Pass,Successful,72.5,18.8,64.5,39.3,True,Center,64.5,39.3,16.3,2.11,StandingSave
2647609749.0,565,46,1,SecondHalf,Man City,167,313171,Rúben Dias,Pass,Successful,67.3,44.3,86.8,84.2,True,Left,86.8,84.2,34.0,0.92,Longball; Chipped; StandingSave
2647609827.0,566,46,6,SecondHalf,Man City,167,388098,Jérémy Doku,Pass,Successful,87.0,83.6,80.0,67.3,True,Center,80.0,67.3,13.3,4.13,StandingSave
2647706621.0,1124,46,8,SecondHalf,Man City,167,303139,Rodri,TakeOn,Unsuccessful,79.7,69.2,,,True,Center,,,,,StandingSave; Offensive
2647609837.0,567,46,8,SecondHalf,Man City,167,303139,Rodri,Foul,Successful,80.4,70.4,,,True,Center,,,,,OppositeRelatedEvent=373; Foul; Offensive
2647609833.0,373,46,8,SecondHalf,Chelsea,15,410175,Moisés Caicedo,Foul,Unsuccessful,19.6,29.6,,,False,Back,,,,,Foul; StandingSave; Defensive; OppositeRelatedEvent=567
2647611057.0,568,47,14,SecondHalf,Man City,167,73084,Kevin De Bruyne,MissedShots,Successful,80.7,69.2,,,True,Center,,,,,GoalMouthY=45.7; DirectFreekick; OutOfBoxCentre; StandingSave; RightFoot; GoalMouthZ=54.2
2647612091.0,382,47,35,SecondHalf,Chelsea,15,410175,Moisés Caicedo,Pass,Successful,5.2,61.7,3.6,50.1,True,Back,3.6,50.1,8.1,4.50,GoalKick
2647611467.0,376,47,37,SecondHalf,Chelsea,15,406564,Djordje Petrovic,Pass,Successful,4.4,50.6,3.6,24.9,True,Back,3.6,24.9,17.5,4.66,StandingSave
2647611489.0,377,47,39,SecondHalf,Chelsea,15,300426,Axel Disasi,Pass,Successful,3.8,26.2,24.9,2.3,True,Back,24.9,2.3,27.5,5.65,StandingSave; Chipped
2647611521.0,378,47,41,SecondHalf,Chelsea,15,403850,Malo Gusto,Pass,Unsuccessful,24.9,2.3,45.0,5.2,True,Back,45.0,5.2,21.2,0.09,HeadPass; StandingSave
2647611553.0,571,47,44,SecondHalf,Man City,167,122945,Nathan Aké,BallRecovery,Successful,54.1,92.2,,,False,,,,,,
2647611565.0,572,47,44,SecondHalf,Man City,167,122945,Nathan Aké,Pass,Unsuccessful,54.1,92.2,71.1,85.6,True,Left,71.1,85.6,18.4,6.04,StandingSave
2647611573.0,379,47,46,SecondHalf,Chelsea,15,403850,Malo Gusto,BallTouch,Unsuccessful,29.4,11.0,,,True,Back,,,,,OtherBodyPart; StandingSave
2647611675.0,573,47,51,SecondHalf,Man City,167,388098,Jérémy Doku,Pass,Successful,73.2,74.9,82.0,91.0,True,Left,82.0,91.0,14.3,0.87,StandingSave
2647611695.0,574,47,55,SecondHalf,Man City,167,73084,Kevin De Bruyne,Pass,Unsuccessful,81.8,86.8,90.4,51.6,True,Center,90.4,51.6,25.6,5.07,Chipped; RightFoot; Cross; StandingSave
2647611745.0,380,47,56,SecondHalf,Chelsea,15,300426,Axel Disasi,Clearance,Successful,8.2,46.4,30.3,24.6,True,Back,30.3,24.6,27.5,5.71,Head
2647611839.0,575,47,59,SecondHalf,Man City,167,365409,Julián Alvarez,Pass,Successful,69.2,73.1,56.2,50.6,True,Center,56.2,50.6,20.5,3.98,StandingSave
2647611895.0,576,48,5,SecondHalf,Man City,167,297390,Manuel Akanji,Pass,Successful,64.7,47.7,65.7,75.5,True,Center,65.7,75.5,18.9,1.52,StandingSave
2647612005.0,577,48,8,SecondHalf,Man City,167,122945,Nathan Aké,Pass,Successful,65.7,76.1,80.4,95.4,True,Left,80.4,95.4,20.3,0.70,StandingSave
2647612035.0,578,48,14,SecondHalf,Man City,167,388098,Jérémy Doku,Pass,Unsuccessful,81.4,83.4,100.0,38.8,True,Center,100.0,38.8,36.6,5.31,Chipped; RightFoot; StandingSave; Cross; Longball
2647612391.0,383,48,36,SecondHalf,Chelsea,15,421351,Levi Colwill,Pass,Successful,5.4,61.5,3.9,47.3,True,Back,3.9,47.3,9.8,4.55,GoalKick
2647612423.0,384,48,40,SecondHalf,Chelsea,15,406564,Djordje Petrovic,Pass,Unsuccessful,5.0,40.1,26.3,0.0,True,Back,26.3,0.0,35.8,5.39,StandingSave; Longball; Chipped
2647612637.0,581,48,49,SecondHalf,Man City,167,365409,Julián Alvarez,Pass,Successful,65.4,100.0,61.4,93.2,True,Left,61.4,93.2,7.3,4.10,ThrowIn
2647612647.0,582,48,55,SecondHalf,Man City,167,122945,Nathan Aké,Pass,Successful,61.4,92.7,69.6,83.9,True,Left,69.6,83.9,10.5,5.68,StandingSave
2647612663.0,583,48,56,SecondHalf,Man City,167,365409,Julián Alvarez,Pass,Successful,69.6,83.9,65.2,67.8,True,Center,65.2,67.8,11.9,4.31,StandingSave
2647612689.0,584,48,58,SecondHalf,Man City,167,303139,Rodri,Pass,Successful,67.7,66.1,67.0,39.9,True,Center,67.0,39.9,17.8,4.67,StandingSave
2647612697.0,585,48,59,SecondHalf,Man City,167,73084,Kevin De Bruyne,Pass,Unsuccessful,67.0,39.9,70.0,37.7,True,Center,70.0,37.7,3.5,5.84,StandingSave
2647612695.0,386,49,0,SecondHalf,Chelsea,15,421351,Levi Colwill,BallTouch,Successful,26.4,69.7,,,True,Back,,,,,StandingSave
2647612747.0,586,49,4,SecondHalf,Man City,167,331254,Phil Foden,Pass,Successful,75.0,16.1,75.0,24.2,True,Center,75.0,24.2,5.5,1.57,StandingSave
2647612775.0,587,49,5,SecondHalf,Man City,167,73084,Kevin De Bruyne,Pass,Unsuccessful,75.0,24.0,89.9,24.5,True,Center,89.9,24.5,15.6,0.02,StandingSave
2647612815.0,387,49,7,SecondHalf,Chelsea,15,97692,Raheem Sterling,Foul,Successful,9.6,75.1,,,True,Back,,,,,Defensive; Foul; OppositeRelatedEvent=588
2647612811.0,588,49,7,SecondHalf,Man City,167,69778,Kyle Walker,Foul,Unsuccessful,90.4,24.9,,,False,Center,,,,,OppositeRelatedEvent=387; Foul; Offensive; StandingSave
2647613839.0,390,50,10,SecondHalf,Chelsea,15,406564,Djordje Petrovic,Pass,Successful,8.8,71.8,75.1,74.4,True,Center,75.1,74.4,69.6,0.03,Longball; FreekickTaken; StandingSave
2647613889.0,391,50,19,SecondHalf,Chelsea,15,426050,Nicolas Jackson,Pass,Successful,83.7,81.5,75.0,66.6,True,Center,75.0,66.6,13.6,3.98,StandingSave
2647613917.0,392,50,21,SecondHalf,Chelsea,15,369430,Enzo Fernández,Pass,Successful,73.8,64.3,77.8,39.1,True,Center,77.8,39.1,17.6,4.95,StandingSave
2647613965.0,393,50,23,SecondHalf,Chelsea,15,395692,Cole Palmer,Pass,Successful,78.0,34.8,85.5,20.1,True,Right,85.5,20.1,12.7,5.38,StandingSave
2647614029.0,394,50,26,SecondHalf,Chelsea,15,403850,Malo Gusto,Pass,Successful,86.6,20.3,96.6,26.1,True,Center,96.6,26.1,11.2,0.36,StandingSave
2647614059.0,395,50,30,SecondHalf,Chelsea,15,395692,Cole Palmer,Pass,Unsuccessful,94.0,19.8,92.6,47.2,True,Center,92.6,47.2,18.7,1.65,LeftFoot; Cross; StandingSave; Chipped
2647614079.0,591,50,31,SecondHalf,Man City,167,69778,Kyle Walker,Aerial,Successful,8.1,52.7,,,False,Back,,,,,Defensive; OppositeRelatedEvent=396
2647614091.0,396,50,31,SecondHalf,Chelsea,15,375621,Conor Gallagher,Aerial,Unsuccessful,91.9,47.3,,,False,Center,,,,,OppositeRelatedEvent=591; Offensive
2647614095.0,592,50,31,SecondHalf,Man City,167,69778,Kyle Walker,Clearance,Successful,8.7,53.1,18.8,53.3,True,Back,18.8,53.3,10.6,0.01,Head
2647614121.0,593,50,33,SecondHalf,Man City,167,73084,Kevin De Bruyne,Clearance,Successful,18.8,53.3,28.2,55.0,True,Back,28.2,55.0,9.9,0.12,StandingSave
2647614127.0,594,50,34,SecondHalf,Man City,167,315227,Erling Haaland,BallRecovery,Successful,28.2,55.0,,,False,,,,,,
2647614145.0,595,50,35,SecondHalf,Man City,167,315227,Erling Haaland,Pass,Successful,28.2,55.0,25.6,62.4,True,Back,25.6,62.4,5.7,2.07,StandingSave
2647614153.0,596,50,35,SecondHalf,Man City,167,365409,Julián Alvarez,Dispossessed,Successful,31.4,60.1,,,True,Back,,,,,Defensive; OppositeRelatedEvent=397
2647614219.0,397,50,37,SecondHalf,Chelsea,15,410175,Moisés Caicedo,Tackle,Unsuccessful,68.6,39.9,,,True,Center,,,,,OppositeRelatedEvent=596; Offensive; StandingSave
2647614223.0,598,50,37,SecondHalf,Man City,167,365409,Julián Alvarez,BallTouch,Successful,35.4,55.5,,,True,Back,,,,,OtherBodyPart
2647614265.0,599,50,40,SecondHalf,Man City,167,73084,Kevin De Bruyne,Pass,Successful,54.7,46.9,81.2,25.4,True,Center,81.2,25.4,31.4,5.80,StandingSave
2647614309.0,600,50,43,SecondHalf,Man City,167,331254,Phil Foden,Pass,Successful,86.8,27.1,92.8,57.4,True,Center,92.8,57.4,21.5,1.27,Cross; RightFoot; IntentionalAssist; Chipped; StandingSave; ShotAssist=13; BigChanceCreated; KeyPass
2647614319.0,601,50,45,SecondHalf,Man City,167,315227,Erling Haaland,MissedShots,Successful,91.6,56.7,,,True,Center,,,,,GoalMouthZ=22.2; GoalMouthY=60; Volley; IntentionalAssist; BoxCentre; FastBreak; FirstTouch; MissLeft; LeftFoot; Assisted; BigChance; RelatedEventId=600
2647614749.0,399,50,51,SecondHalf,Chelsea,15,406564,Djordje Petrovic,Pass,Successful,3.8,40.1,13.1,17.0,True,Back,13.1,17.0,18.5,5.27,GoalKick
2647746611.0,729,50,59,SecondHalf,Chelsea,15,403850,Malo Gusto,Pass,Successful,25.9,13.3,11.1,23.9,True,Back,11.1,23.9,17.1,2.71,StandingSave
2647746629.0,730,51,2,SecondHalf,Chelsea,15,300426,Axel Disasi,Pass,Unsuccessful,15.9,14.1,48.0,22.8,True,Back,48.0,22.8,34.2,0.17,Chipped; Longball; StandingSave
2647746703.0,1135,51,4,SecondHalf,Man City,167,313171,Rúben Dias,Pass,Successful,52.0,77.2,64.7,81.3,True,Left,64.7,81.3,13.6,0.21,HeadPass; StandingSave
2647746729.0,1136,51,5,SecondHalf,Man City,167,365409,Julián Alvarez,BallRecovery,Successful,64.7,81.3,,,False,,,,,,
2647616955.0,624,51,7,SecondHalf,Man City,167,365409,Julián Alvarez,Dispossessed,Successful,67.4,79.0,,,True,Left,,,,,OppositeRelatedEvent=731; Offensive
2647746811.0,731,51,8,SecondHalf,Chelsea,15,395692,Cole Palmer,Tackle,Successful,32.6,21.0,,,True,Back,,,,,OppositeRelatedEvent=624; StandingSave; Defensive
2647746837.0,732,51,9,SecondHalf,Chelsea,15,403850,Malo Gusto,BallRecovery,Successful,35.3,18.7,,,False,,,,,,
2647614793.0,400,51,10,SecondHalf,Chelsea,15,403850,Malo Gusto,Pass,Successful,34.9,15.8,35.4,32.5,True,Back,35.4,32.5,11.4,1.52,StandingSave
2647614817.0,401,51,11,SecondHalf,Chelsea,15,369430,Enzo Fernández,Pass,Successful,35.8,32.8,42.3,25.3,True,Back,42.3,25.3,8.5,5.64,StandingSave
2647614831.0,402,51,13,SecondHalf,Chelsea,15,375621,Conor Gallagher,Pass,Successful,42.2,25.5,55.4,8.5,True,Right,55.4,8.5,18.0,5.59,StandingSave
2647614935.0,403,51,19,SecondHalf,Chelsea,15,395692,Cole Palmer,Pass,Successful,53.7,12.2,62.3,2.3,True,Right,62.3,2.3,11.3,5.64,StandingSave
2647614989.0,404,51,22,SecondHalf,Chelsea,15,403850,Malo Gusto,Pass,Successful,60.0,2.3,48.6,3.8,True,Back,48.6,3.8,12.0,3.06,StandingSave
2647615021.0,405,51,24,SecondHalf,Chelsea,15,375621,Conor Gallagher,Pass,Successful,48.5,4.3,34.4,25.0,True,Back,34.4,25.0,20.4,2.38,StandingSave
2647615079.0,406,51,27,SecondHalf,Chelsea,15,300426,Axel Disasi,Pass,Successful,34.4,27.6,35.3,66.1,True,Back,35.3,66.1,26.2,1.53,StandingSave
2647615111.0,407,51,30,SecondHalf,Chelsea,15,421351,Levi Colwill,Pass,Successful,35.0,68.2,43.3,95.4,True,Back,43.3,95.4,20.4,1.13,StandingSave
2647615179.0,408,51,32,SecondHalf,Chelsea,15,299272,Ben Chilwell,Pass,Successful,36.1,89.0,23.7,84.5,True,Back,23.7,84.5,13.4,3.37,StandingSave
2647615265.0,409,51,35,SecondHalf,Chelsea,15,421351,Levi Colwill,Pass,Successful,23.3,82.3,9.4,57.0,True,Back,9.4,57.0,22.6,4.01,StandingSave
2647615297.0,410,51,38,SecondHalf,Chelsea,15,406564,Djordje Petrovic,Pass,Successful,9.3,55.4,19.6,78.7,True,Back,19.6,78.7,19.2,0.97,StandingSave
2647615331.0,411,51,41,SecondHalf,Chelsea,15,421351,Levi Colwill,Pass,Successful,19.6,78.7,39.5,72.4,True,Back,39.5,72.4,21.3,6.08,StandingSave
2647615339.0,412,51,42,SecondHalf,Chelsea,15,97692,Raheem Sterling,BallTouch,Successful,39.8,71.7,,,True,Back,,,,,StandingSave
2647615393.0,413,51,47,SecondHalf,Chelsea,15,426050,Nicolas Jackson,Pass,Successful,45.1,57.8,36.2,68.5,True,Back,36.2,68.5,11.8,2.48,StandingSave
2647615457.0,414,51,48,SecondHalf,Chelsea,15,421351,Levi Colwill,Pass,Successful,36.2,68.5,51.9,77.5,True,Center,51.9,77.5,17.6,0.36,StandingSave
2647615491.0,415,51,50,SecondHalf,Chelsea,15,369430,Enzo Fernández,Pass,Successful,52.2,77.5,58.6,93.0,True,Left,58.6,93.0,12.5,1.00,StandingSave
2647615575.0,416,51,53,SecondHalf,Chelsea,15,299272,Ben Chilwell,Pass,Successful,60.9,92.1,88.8,82.9,True,Left,88.8,82.9,30.0,6.07,StandingSave
2647615627.0,417,51,59,SecondHalf,Chelsea,15,426050,Nicolas Jackson,Pass,Successful,95.9,71.1,92.7,57.0,True,Center,92.7,57.0,10.2,4.38,IntentionalAssist; ShotAssist=13; StandingSave; KeyPass
2647615637.0,418,51,59,SecondHalf,Chelsea,15,375621,Conor Gallagher,MissedShots,Successful,92.4,57.4,,,True,Center,,,,,RegularPlay; LeftFoot; GoalMouthZ=12.5; MissLeft; RelatedEventId=417; BoxCentre; FirstTouch; GoalMouthY=62.7; Assisted; StandingSave; IntentionalAssist
2647615951.0,604,52,12,SecondHalf,Man City,167,121774,Ederson,Pass,Successful,3.7,59.9,19.5,57.4,True,Back,19.5,57.4,16.7,6.18,GoalKick
2647615965.0,605,52,17,SecondHalf,Man City,167,303139,Rodri,Pass,Successful,19.5,57.4,13.4,43.8,True,Back,13.4,43.8,11.2,4.11,StandingSave
2647616019.0,606,52,22,SecondHalf,Man City,167,313171,Rúben Dias,Pass,Successful,13.4,43.8,21.8,80.7,True,Back,21.8,80.7,26.6,1.23,StandingSave
2647616083.0,607,52,28,SecondHalf,Man City,167,122945,Nathan Aké,Pass,Successful,34.1,80.2,43.5,94.2,True,Back,43.5,94.2,13.7,0.77,StandingSave
2647616119.0,608,52,34,SecondHalf,Man City,167,388098,Jérémy Doku,Pass,Successful,43.8,79.0,34.4,64.1,True,Back,34.4,64.1,14.1,3.94,StandingSave
2647616129.0,609,52,36,SecondHalf,Man City,167,303139,Rodri,Pass,Unsuccessful,34.4,64.1,36.8,62.9,True,Back,36.8,62.9,2.6,5.97,StandingSave
2647616159.0,420,52,36,SecondHalf,Chelsea,15,375621,Conor Gallagher,BallTouch,Successful,64.3,34.3,,,True,Center,,,,,StandingSave
2647616183.0,610,52,38,SecondHalf,Man City,167,313171,Rúben Dias,Pass,Successful,33.3,44.7,38.2,28.3,True,Back,38.2,28.3,12.3,5.14,StandingSave
2647616271.0,611,52,41,SecondHalf,Man City,167,297390,Manuel Akanji,Pass,Successful,38.2,28.3,35.9,52.1,True,Back,35.9,52.1,16.4,1.72,StandingSave
2647616343.0,612,52,47,SecondHalf,Man City,167,313171,Rúben Dias,Pass,Successful,43.4,54.0,44.3,28.3,True,Back,44.3,28.3,17.5,4.77,StandingSave
2647616415.0,614,52,53,SecondHalf,Man City,167,331254,Phil Foden,Pass,Successful,67.2,9.2,88.2,13.7,True,Right,88.2,13.7,22.3,0.14,StandingSave
2647616383.0,613,52,53,SecondHalf,Man City,167,69778,Kyle Walker,Pass,Successful,44.9,18.0,61.8,4.4,True,Right,61.8,4.4,20.0,5.80,StandingSave
2647616445.0,615,52,56,SecondHalf,Man City,167,73084,Kevin De Bruyne,Pass,Unsuccessful,90.1,13.7,89.9,63.4,True,Center,89.9,63.4,33.8,1.58,Chipped; RightFoot; StandingSave; Cross; Longball
2647616503.0,421,52,58,SecondHalf,Chelsea,15,403850,Malo Gusto,Clearance,Successful,10.7,34.5,25.5,7.0,True,Back,25.5,7.0,24.3,5.41,Head
2647616555.0,616,53,3,SecondHalf,Man City,167,388098,Jérémy Doku,Pass,Successful,74.5,85.6,67.7,78.8,True,Center,67.7,78.8,8.5,3.72,StandingSave
2647616575.0,617,53,4,SecondHalf,Man City,167,122945,Nathan Aké,Pass,Successful,67.8,76.6,67.7,65.3,True,Center,67.7,65.3,7.7,4.70,StandingSave
2647616633.0,618,53,6,SecondHalf,Man City,167,303139,Rodri,Pass,Successful,67.7,65.3,65.3,49.7,True,Center,65.3,49.7,10.9,4.48,StandingSave
2647616673.0,619,53,8,SecondHalf,Man City,167,313171,Rúben Dias,Pass,Successful,65.3,49.7,73.6,19.5,True,Right,73.6,19.5,22.3,5.11,StandingSave
2647616817.0,620,53,11,SecondHalf,Man City,167,73084,Kevin De Bruyne,Pass,Successful,74.9,20.3,94.5,88.0,True,Left,94.5,88.0,50.4,1.15,Chipped; Cross; RightFoot; Longball; StandingSave
2647616831.0,621,53,21,SecondHalf,Man City,167,388098,Jérémy Doku,Pass,Successful,86.9,82.2,95.0,83.2,True,Left,95.0,83.2,8.5,0.08,StandingSave
2647616833.0,622,53,22,SecondHalf,Man City,167,122945,Nathan Aké,Pass,Unsuccessful,95.0,83.2,94.2,82.2,True,Left,94.2,82.2,1.1,3.82,OppositeRelatedEvent=422; LeftFoot; Offensive; Cross; StandingSave
2647616847.0,422,53,22,SecondHalf,Chelsea,15,395692,Cole Palmer,Clearance,Successful,8.4,15.8,,,True,Back,,,,,BlockedCross; StandingSave; OppositeRelatedEvent=622
2647616851.0,423,53,23,SecondHalf,Chelsea,15,395692,Cole Palmer,CornerAwarded,Unsuccessful,7.1,16.8,,,False,Back,,,,,MissLeft; OppositeRelatedEvent=623
2647616843.0,623,53,23,SecondHalf,Man City,167,122945,Nathan Aké,CornerAwarded,Successful,92.9,83.2,,,False,Left,,,,,OppositeRelatedEvent=423; MissLeft
2647617203.0,625,53,46,SecondHalf,Man City,167,73084,Kevin De Bruyne,Pass,Successful,99.6,99.1,97.6,64.0,True,Center,97.6,64.0,24.0,4.62,RightFoot; Chipped; StandingSave; Cross; CornerTaken
2647624259.0,733,53,47,SecondHalf,Man City,167,303139,Rodri,Pass,Unsuccessful,96.5,65.8,92.2,52.8,True,Center,92.2,52.8,9.9,4.24,HeadPass
2647617229.0,424,53,49,SecondHalf,Chelsea,15,300426,Axel Disasi,Clearance,Successful,9.9,52.7,13.1,45.4,True,Back,13.1,45.4,6.0,5.31,StandingSave
2647617235.0,425,53,49,SecondHalf,Chelsea,15,426050,Nicolas Jackson,BallRecovery,Successful,13.1,45.8,,,False,,,,,,
2647617337.0,426,53,54,SecondHalf,Chelsea,15,426050,Nicolas Jackson,Pass,Unsuccessful,45.1,56.3,78.4,39.5,True,Center,78.4,39.5,36.8,5.97,StandingSave; Throughball; Longball
2647617341.0,626,53,58,SecondHalf,Man City,167,121774,Ederson,BallRecovery,Successful,21.2,61.2,,,False,,,,,,
2647617397.0,627,53,59,SecondHalf,Man City,167,121774,Ederson,Pass,Successful,21.2,61.2,26.7,66.3,True,Back,26.7,66.3,6.7,0.54,StandingSave
2647617459.0,628,54,1,SecondHalf,Man City,167,331254,Phil Foden,Pass,Successful,26.7,66.3,29.5,51.9,True,Back,29.5,51.9,10.2,5.00,StandingSave
2647617509.0,629,54,5,SecondHalf,Man City,167,313171,Rúben Dias,Pass,Successful,32.2,59.4,58.7,89.8,True,Left,58.7,89.8,34.7,0.64,StandingSave; Longball; Chipped
2647617523.0,630,54,7,SecondHalf,Man City,167,73084,Kevin De Bruyne,Pass,Unsuccessful,58.7,89.8,72.9,84.4,True,Left,72.9,84.4,15.4,6.04,Chipped; StandingSave
2647617513.0,427,54,9,SecondHalf,Chelsea,15,403850,Malo Gusto,BallRecovery,Successful,28.9,18.3,,,False,,,,,,
2647617555.0,428,54,11,SecondHalf,Chelsea,15,403850,Malo Gusto,Pass,Successful,28.6,15.8,31.8,24.4,True,Back,31.8,24.4,6.7,1.05,StandingSave
2647617577.0,429,54,12,SecondHalf,Chelsea,15,410175,Moisés Caicedo,Pass,Successful,30.5,23.4,38.6,5.8,True,Back,38.6,5.8,14.7,5.33,StandingSave
2647617631.0,430,54,16,SecondHalf,Chelsea,15,395692,Cole Palmer,Pass,Successful,38.0,5.2,36.8,16.2,True,Back,36.8,16.2,7.6,1.74,StandingSave
2647617659.0,431,54,17,SecondHalf,Chelsea,15,375621,Conor Gallagher,Pass,Successful,34.5,13.2,33.9,4.6,True,Back,33.9,4.6,5.9,4.61,StandingSave
2647617697.0,432,54,20,SecondHalf,Chelsea,15,395692,Cole Palmer,Pass,Successful,31.3,5.5,34.2,32.5,True,Back,34.2,32.5,18.6,1.41,StandingSave
2647617717.0,433,54,21,SecondHalf,Chelsea,15,369430,Enzo Fernández,Pass,Successful,34.2,32.5,39.8,27.4,True,Back,39.8,27.4,6.8,5.75,StandingSave
2647617733.0,434,54,22,SecondHalf,Chelsea,15,375621,Conor Gallagher,Foul,Successful,39.6,32.6,,,True,Back,,,,,OppositeRelatedEvent=631; Offensive; Foul
2647617757.0,631,54,22,SecondHalf,Man City,167,313171,Rúben Dias,Foul,Unsuccessful,60.4,67.4,,,False,Center,,,,,StandingSave; OppositeRelatedEvent=434; Foul; Defensive
2647617929.0,435,54,36,SecondHalf,Chelsea,15,410175,Moisés Caicedo,Pass,Successful,34.8,33.1,41.9,36.7,True,Back,41.9,36.7,7.8,0.32,FreekickTaken; StandingSave
2647617965.0,436,54,38,SecondHalf,Chelsea,15,369430,Enzo Fernández,Pass,Successful,41.9,36.7,54.6,39.8,True,Center,54.6,39.8,13.5,0.16,StandingSave
2647618025.0,437,54,40,SecondHalf,Chelsea,15,375621,Conor Gallagher,Pass,Successful,54.5,41.9,58.2,94.4,True,Left,58.2,94.4,35.9,1.46,StandingSave; Longball
2647618055.0,438,54,45,SecondHalf,Chelsea,15,299272,Ben Chilwell,Pass,Successful,60.6,93.0,57.6,87.4,True,Left,57.6,87.4,4.9,4.02,StandingSave
2647618095.0,439,54,47,SecondHalf,Chelsea,15,97692,Raheem Sterling,Pass,Successful,57.6,87.4,48.8,82.7,True,Back,48.8,82.7,9.8,3.47,StandingSave
2647618117.0,440,54,48,SecondHalf,Chelsea,15,369430,Enzo Fernández,Pass,Successful,48.8,81.7,42.1,64.2,True,Back,42.1,64.2,13.8,4.18,StandingSave
2647618163.0,441,54,50,SecondHalf,Chelsea,15,421351,Levi Colwill,Pass,Successful,42.1,64.2,36.8,36.6,True,Back,36.8,36.6,19.6,4.42,StandingSave
2647618199.0,442,54,52,SecondHalf,Chelsea,15,300426,Axel Disasi,Pass,Successful,38.2,34.3,53.9,27.6,True,Center,53.9,27.6,17.1,6.01,StandingSave
2647618255.0,443,54,54,SecondHalf,Chelsea,15,395692,Cole Palmer,TakeOn,Successful,55.0,23.4,,,True,Center,,,,,OppositeRelatedEvent=632; Offensive; StandingSave
2647618203.0,632,54,54,SecondHalf,Man City,167,365409,Julián Alvarez,Challenge,Unsuccessful,45.0,76.6,,,False,Back,,,,,OppositeRelatedEvent=443; Defensive
2647710105.0,719,54,54,SecondHalf,Chelsea,15,395692,Cole Palmer,GoodSkill,Successful,53.0,23.1,,,True,,,,,,
2647618293.0,444,54,58,SecondHalf,Chelsea,15,395692,Cole Palmer,Pass,Successful,67.9,32.2,84.5,14.6,True,Right,84.5,14.6,21.1,5.68,StandingSave
2647618317.0,445,55,0,SecondHalf,Chelsea,15,403850,Malo Gusto,Pass,Successful,84.9,14.7,91.2,48.5,True,Center,91.2,48.5,23.9,1.29,RightFoot; StandingSave; IntentionalAssist; Cross; ShotAssist=15; BigChanceCreated; KeyPass
2647618789.0,453,55,1,SecondHalf,Chelsea,15,97692,Raheem Sterling,SavedShot,Successful,92.1,50.7,,,True,Center,,,,,BigChance; RelatedEventId=445; GoalMouthY=51.3; RightFoot; OppositeRelatedEvent=633; Assisted; BoxCentre; FirstTouch; IntentionalAssist; GoalMouthZ=0.6; LowCentre; BlockedX=98.5; BlockedY=49.6; RegularPlay
2647618343.0,633,55,2,SecondHalf,Man City,167,121774,Ederson,Save,Successful,1.0,49.7,,,True,Back,,,,,Feet; ParriedDanger; OppositeRelatedEvent=453; KeeperSaveInTheBox
2647618363.0,446,55,4,SecondHalf,Chelsea,15,299272,Ben Chilwell,SavedShot,Successful,96.4,65.8,,,True,Center,,,,,IndividualPlay; BlockedX=98.8; OppositeRelatedEvent=634; DeepBoxLeft; LeftFoot; StandingSave; BlockedY=55.8; LowLeft; FirstTouch; GoalMouthY=53.5; GoalMouthZ=1.9; RegularPlay
2647618359.0,634,55,4,SecondHalf,Man City,167,121774,Ederson,Save,Successful,1.2,44.5,,,True,Back,,,,,OppositeRelatedEvent=446; ParriedDanger; Feet; KeeperSaveInTheBox
2647618395.0,635,55,5,SecondHalf,Man City,167,313171,Rúben Dias,Clearance,Successful,2.6,48.4,2.2,22.2,True,Back,2.2,22.2,17.8,4.69,Head
2647618549.0,447,55,9,SecondHalf,Chelsea,15,299272,Ben Chilwell,Pass,Successful,98.7,90.3,88.3,87.2,True,Left,88.3,87.2,11.1,3.33,StandingSave
2647618581.0,448,55,16,SecondHalf,Chelsea,15,369430,Enzo Fernández,Pass,Successful,87.7,76.3,96.6,79.6,True,Left,96.6,79.6,9.6,0.24,StandingSave
2647618603.0,449,55,17,SecondHalf,Chelsea,15,299272,Ben Chilwell,Pass,Unsuccessful,96.6,79.6,95.6,56.0,True,Center,95.6,56.0,16.1,4.65,Cross; Chipped; StandingSave; LeftFoot
2647618613.0,636,55,18,SecondHalf,Man City,167,69778,Kyle Walker,Clearance,Successful,4.1,39.4,9.0,71.9,True,Back,9.0,71.9,22.7,1.34,Head
2647618697.0,450,55,22,SecondHalf,Chelsea,15,403850,Malo Gusto,Pass,Successful,88.8,19.5,78.8,26.4,True,Center,78.8,26.4,11.5,2.72,StandingSave
2647618763.0,451,55,24,SecondHalf,Chelsea,15,410175,Moisés Caicedo,Pass,Successful,70.7,27.4,84.9,11.1,True,Right,84.9,11.1,18.6,5.64,StandingSave
2647618785.0,452,55,28,SecondHalf,Chelsea,15,403850,Malo Gusto,Pass,Successful,86.5,9.7,85.4,17.9,True,Right,85.4,17.9,5.7,1.78,StandingSave
2647618815.0,454,55,29,SecondHalf,Chelsea,15,426050,Nicolas Jackson,Pass,Successful,85.5,16.4,81.7,5.0,True,Right,81.7,5.0,8.7,4.24,StandingSave
2647618857.0,455,55,32,SecondHalf,Chelsea,15,403850,Malo Gusto,Pass,Successful,81.5,4.7,71.7,28.0,True,Center,71.7,28.0,18.9,2.15,StandingSave
2647618873.0,456,55,33,SecondHalf,Chelsea,15,375621,Conor Gallagher,Pass,Successful,71.9,28.2,64.6,18.0,True,Right,64.6,18.0,10.3,3.88,StandingSave
2647618889.0,457,55,35,SecondHalf,Chelsea,15,410175,Moisés Caicedo,Pass,Successful,61.0,25.8,47.4,34.6,True,Back,47.4,34.6,15.5,2.74,StandingSave
2647618919.0,458,55,38,SecondHalf,Chelsea,15,300426,Axel Disasi,Pass,Successful,46.1,38.9,47.1,70.8,True,Back,47.1,70.8,21.7,1.52,StandingSave
2647619025.0,459,55,40,SecondHalf,Chelsea,15,421351,Levi Colwill,Pass,Successful,47.1,70.8,63.0,97.5,True,Left,63.0,97.5,24.7,0.83,StandingSave
2647619061.0,460,55,48,SecondHalf,Chelsea,15,299272,Ben Chilwell,Pass,Successful,67.6,82.1,64.1,92.7,True,Left,64.1,92.7,8.1,2.04,StandingSave
2647619101.0,461,55,51,SecondHalf,Chelsea,15,369430,Enzo Fernández,Pass,Successful,63.1,91.2,45.0,87.1,True,Back,45.0,87.1,19.2,3.29,StandingSave
2647619175.0,462,55,54,SecondHalf,Chelsea,15,421351,Levi Colwill,Pass,Successful,43.7,85.0,19.1,60.6,True,Back,19.1,60.6,30.7,3.71,StandingSave
2647619201.0,463,56,0,SecondHalf,Chelsea,15,406564,Djordje Petrovic,Pass,Successful,18.2,47.8,19.7,24.7,True,Back,19.7,24.7,15.8,4.81,StandingSave
2647619223.0,464,56,2,SecondHalf,Chelsea,15,300426,Axel Disasi,Pass,Successful,20.3,25.3,39.7,23.6,True,Back,39.7,23.6,20.4,6.23,StandingSave
2647619243.0,465,56,5,SecondHalf,Chelsea,15,395692,Cole Palmer,Pass,Successful,39.3,23.6,36.8,4.0,True,Back,36.8,4.0,13.6,4.52,StandingSave
2647619265.0,466,56,7,SecondHalf,Chelsea,15,403850,Malo Gusto,Pass,Successful,36.3,4.9,33.9,19.1,True,Back,33.9,19.1,10.0,1.83,StandingSave
2647619313.0,467,56,8,SecondHalf,Chelsea,15,375621,Conor Gallagher,Pass,Successful,33.9,19.1,24.5,20.1,True,Back,24.5,20.1,9.9,3.07,StandingSave
2647619339.0,468,56,11,SecondHalf,Chelsea,15,300426,Axel Disasi,Pass,Successful,25.0,19.4,43.1,35.2,True,Back,43.1,35.2,21.8,0.51,StandingSave
2647619389.0,469,56,13,SecondHalf,Chelsea,15,369430,Enzo Fernández,Pass,Unsuccessful,45.0,34.5,73.5,22.4,True,Center,73.5,22.4,31.0,6.01,StandingSave
2647619393.0,637,56,17,SecondHalf,Man City,167,313171,Rúben Dias,BallRecovery,Successful,23.6,77.0,,,False,,,,,,
2647619427.0,638,56,17,SecondHalf,Man City,167,313171,Rúben Dias,Pass,Successful,23.6,77.0,8.5,53.8,True,Back,8.5,53.8,22.4,3.92,StandingSave
2647619529.0,639,56,21,SecondHalf,Man City,167,121774,Ederson,Pass,Successful,8.7,52.1,30.1,18.1,True,Back,30.1,18.1,32.2,5.48,Longball; StandingSave
2647619655.0,640,56,30,SecondHalf,Man City,167,69778,Kyle Walker,Pass,Successful,45.6,7.0,40.4,25.1,True,Back,40.4,25.1,13.5,1.99,StandingSave
2647619685.0,641,56,38,SecondHalf,Man City,167,303139,Rodri,Pass,Successful,44.6,26.1,38.8,49.2,True,Back,38.8,49.2,16.8,1.94,StandingSave
2647619719.0,642,56,40,SecondHalf,Man City,167,313171,Rúben Dias,Pass,Successful,38.8,49.2,44.9,76.6,True,Back,44.9,76.6,19.7,1.24,StandingSave
2647619789.0,643,56,43,SecondHalf,Man City,167,122945,Nathan Aké,Pass,Successful,44.9,76.6,59.0,94.6,True,Left,59.0,94.6,19.2,0.69,StandingSave
2647619827.0,644,56,48,SecondHalf,Man City,167,388098,Jérémy Doku,Pass,Successful,69.1,83.2,67.3,73.6,True,Center,67.3,73.6,6.8,4.43,StandingSave
2647619881.0,645,56,51,SecondHalf,Man City,167,122945,Nathan Aké,Pass,Successful,68.5,69.9,79.8,81.9,True,Left,79.8,81.9,14.4,0.60,StandingSave
2647619895.0,471,56,56,SecondHalf,Chelsea,15,403850,Malo Gusto,Challenge,Unsuccessful,8.2,32.2,,,False,Back,,,,,Defensive; OppositeRelatedEvent=646
2647619889.0,646,56,56,SecondHalf,Man City,167,388098,Jérémy Doku,TakeOn,Successful,91.8,67.8,,,True,Center,,,,,StandingSave; Offensive; OppositeRelatedEvent=471
2647619899.0,647,56,57,SecondHalf,Man City,167,388098,Jérémy Doku,Pass,Unsuccessful,98.7,65.4,97.4,55.8,True,Center,97.4,55.8,6.7,4.51,StandingSave
2647619903.0,472,56,58,SecondHalf,Chelsea,15,300426,Axel Disasi,BallRecovery,Successful,2.9,43.4,,,False,,,,,,
2647619971.0,473,57,5,SecondHalf,Chelsea,15,300426,Axel Disasi,Dispossessed,Successful,5.5,4.2,,,True,Back,,,,,OppositeRelatedEvent=648; Defensive
2647620005.0,648,57,6,SecondHalf,Man City,167,315227,Erling Haaland,Tackle,Unsuccessful,94.5,95.8,,,True,Left,,,,,Offensive; StandingSave; OppositeRelatedEvent=473
2647619991.0,474,57,6,SecondHalf,Chelsea,15,300426,Axel Disasi,BallTouch,Unsuccessful,4.7,5.8,,,True,Back,,,,,
2647620147.0,650,57,12,SecondHalf,Man City,167,122945,Nathan Aké,Pass,Successful,88.0,100.0,79.0,89.8,True,Left,79.0,89.8,12.6,3.86,ThrowIn
2647620193.0,651,57,17,SecondHalf,Man City,167,365409,Julián Alvarez,Pass,Successful,78.1,92.7,65.8,93.2,True,Left,65.8,93.2,12.9,3.12,StandingSave
2647620253.0,652,57,18,SecondHalf,Man City,167,313171,Rúben Dias,Pass,Successful,62.3,93.9,54.6,63.8,True,Center,54.6,63.8,22.0,4.34,StandingSave
2647620265.0,653,57,25,SecondHalf,Man City,167,69778,Kyle Walker,Pass,Successful,56.8,37.7,62.7,43.2,True,Center,62.7,43.2,7.2,0.54,StandingSave
2647620297.0,654,57,27,SecondHalf,Man City,167,297390,Manuel Akanji,Pass,Successful,62.6,39.6,52.6,38.4,True,Center,52.6,38.4,10.5,3.22,StandingSave
2647620339.0,655,57,29,SecondHalf,Man City,167,69778,Kyle Walker,Pass,Successful,52.6,38.9,50.0,55.8,True,Center,50.0,55.8,11.8,1.80,StandingSave
2647620381.0,656,57,31,SecondHalf,Man City,167,313171,Rúben Dias,Pass,Successful,51.9,57.9,63.1,65.5,True,Center,63.1,65.5,12.8,0.41,StandingSave
2647620415.0,657,57,35,SecondHalf,Man City,167,365409,Julián Alvarez,Pass,Successful,72.6,73.3,87.1,93.9,True,Left,87.1,93.9,20.7,0.74,StandingSave
2647620437.0,658,57,39,SecondHalf,Man City,167,388098,Jérémy Doku,Pass,Successful,89.3,89.1,81.1,79.7,True,Left,81.1,79.7,10.7,3.78,StandingSave
2647620451.0,476,57,41,SecondHalf,Chelsea,15,375621,Conor Gallagher,Challenge,Unsuccessful,16.6,24.0,,,False,Back,,,,,Defensive; OppositeRelatedEvent=659
2647620475.0,659,57,41,SecondHalf,Man City,167,303139,Rodri,TakeOn,Successful,83.4,76.0,,,True,Center,,,,,Offensive; StandingSave; OppositeRelatedEvent=476
2647620493.0,660,57,43,SecondHalf,Man City,167,303139,Rodri,Pass,Successful,79.1,67.8,76.3,56.0,True,Center,76.3,56.0,8.5,4.36,StandingSave
2647620509.0,661,57,45,SecondHalf,Man City,167,297390,Manuel Akanji,Pass,Successful,76.3,56.0,86.6,70.9,True,Center,86.6,70.9,14.8,0.75,StandingSave
2647620513.0,662,57,46,SecondHalf,Man City,167,388098,Jérémy Doku,BallTouch,Unsuccessful,86.6,70.9,,,True,Center,,,,,StandingSave
2647620525.0,478,57,48,SecondHalf,Chelsea,15,403850,Malo Gusto,Clearance,Successful,7.8,28.8,6.1,0.0,True,Back,6.1,0.0,21.0,4.63,StandingSave
2647620621.0,664,57,54,SecondHalf,Man City,167,122945,Nathan Aké,Pass,Successful,87.0,100.0,74.9,82.4,True,Left,74.9,82.4,18.4,3.95,ThrowIn
2647620653.0,665,57,57,SecondHalf,Man City,167,313171,Rúben Dias,Pass,Successful,74.9,82.4,66.6,45.2,True,Center,66.6,45.2,26.8,4.38,StandingSave
2647620685.0,666,58,0,SecondHalf,Man City,167,69778,Kyle Walker,Pass,Successful,66.6,45.2,71.5,8.7,True,Right,71.5,8.7,25.3,4.92,StandingSave
2647620721.0,667,58,4,SecondHalf,Man City,167,331254,Phil Foden,Pass,Successful,73.9,14.2,75.0,30.3,True,Center,75.0,30.3,11.0,1.47,StandingSave
2647620735.0,668,58,7,SecondHalf,Man City,167,303139,Rodri,Pass,Successful,74.3,23.4,83.4,13.6,True,Right,83.4,13.6,11.6,5.67,StandingSave
2647620811.0,669,58,7,SecondHalf,Man City,167,73084,Kevin De Bruyne,Pass,Successful,83.4,13.6,77.0,9.5,True,Right,77.0,9.5,7.3,3.53,StandingSave
2647620873.0,670,58,12,SecondHalf,Man City,167,303139,Rodri,Pass,Successful,74.8,24.7,69.9,63.3,True,Center,69.9,63.3,26.7,1.76,StandingSave
2647620987.0,671,58,16,SecondHalf,Man City,167,122945,Nathan Aké,Pass,Successful,74.1,69.5,81.7,90.7,True,Left,81.7,90.7,16.5,1.07,StandingSave
2647621013.0,672,58,26,SecondHalf,Man City,167,388098,Jérémy Doku,Pass,Successful,89.5,87.1,75.4,80.4,True,Left,75.4,80.4,15.5,3.44,StandingSave
2647621035.0,673,58,29,SecondHalf,Man City,167,122945,Nathan Aké,Pass,Successful,75.2,80.4,68.5,59.9,True,Center,68.5,59.9,15.6,4.25,StandingSave
2647621055.0,674,58,31,SecondHalf,Man City,167,313171,Rúben Dias,Pass,Successful,68.5,59.9,67.7,47.2,True,Center,67.7,47.2,8.7,4.62,StandingSave
2647621069.0,675,58,34,SecondHalf,Man City,167,73084,Kevin De Bruyne,Pass,Successful,67.7,47.2,69.9,76.5,True,Center,69.9,76.5,20.1,1.46,StandingSave
2647621111.0,676,58,36,SecondHalf,Man City,167,122945,Nathan Aké,Pass,Successful,69.9,79.2,79.2,91.3,True,Left,79.2,91.3,12.8,0.70,StandingSave
2647621131.0,677,58,40,SecondHalf,Man City,167,388098,Jérémy Doku,Pass,Successful,80.3,92.5,73.9,78.8,True,Center,73.9,78.8,11.5,4.09,StandingSave
2647621167.0,678,58,42,SecondHalf,Man City,167,122945,Nathan Aké,Pass,Successful,74.4,79.2,71.2,53.3,True,Center,71.2,53.3,17.9,4.52,StandingSave
2647621203.0,679,58,48,SecondHalf,Man City,167,303139,Rodri,Pass,Successful,71.5,48.1,69.6,22.5,True,Center,69.6,22.5,17.5,4.60,StandingSave
2647621243.0,680,58,51,SecondHalf,Man City,167,69778,Kyle Walker,Pass,Successful,71.5,18.6,82.0,8.1,True,Right,82.0,8.1,13.1,5.71,StandingSave
2647621259.0,681,58,53,SecondHalf,Man City,167,331254,Phil Foden,Pass,Successful,79.5,14.4,77.8,25.7,True,Center,77.8,25.7,7.9,1.80,StandingSave
2647621299.0,682,58,56,SecondHalf,Man City,167,73084,Kevin De Bruyne,Pass,Successful,78.1,25.2,83.6,13.9,True,Right,83.6,13.9,9.6,5.36,StandingSave
2647621313.0,683,58,58,SecondHalf,Man City,167,69778,Kyle Walker,Pass,Unsuccessful,89.6,11.4,91.4,45.5,True,Center,91.4,45.5,23.3,1.49,StandingSave; RightFoot; Chipped; Cross
2647621323.0,481,59,0,SecondHalf,Chelsea,15,421351,Levi Colwill,Clearance,Successful,7.7,59.0,27.2,38.2,True,Back,27.2,38.2,24.9,5.68,Head
2647621367.0,684,59,4,SecondHalf,Man City,167,122945,Nathan Aké,Pass,Successful,73.1,59.6,74.3,54.3,True,Center,74.3,54.3,3.8,5.05,StandingSave
2647621409.0,685,59,6,SecondHalf,Man City,167,297390,Manuel Akanji,Pass,Successful,74.3,54.3,67.9,47.2,True,Center,67.9,47.2,8.3,3.76,StandingSave
2647621437.0,686,59,9,SecondHalf,Man City,167,313171,Rúben Dias,Pass,Successful,69.9,45.0,80.7,18.6,True,Right,80.7,18.6,21.2,5.28,Chipped; StandingSave
2647621499.0,687,59,13,SecondHalf,Man City,167,69778,Kyle Walker,Pass,Successful,79.0,19.3,74.8,22.0,True,Center,74.8,22.0,4.8,2.75,StandingSave
2647621539.0,688,59,17,SecondHalf,Man City,167,73084,Kevin De Bruyne,Pass,Successful,73.1,24.2,85.7,89.7,True,Left,85.7,89.7,46.5,1.28,Chipped; StandingSave; Longball
2647621605.0,689,59,22,SecondHalf,Man City,167,388098,Jérémy Doku,Pass,Successful,88.7,89.8,78.3,71.9,True,Center,78.3,71.9,16.4,3.98,StandingSave
2647621641.0,690,59,25,SecondHalf,Man City,167,122945,Nathan Aké,Pass,Successful,85.4,76.8,86.0,89.3,True,Left,86.0,89.3,8.5,1.50,StandingSave
2647621657.0,691,59,29,SecondHalf,Man City,167,388098,Jérémy Doku,Pass,Successful,84.8,82.4,89.1,64.0,True,Center,89.1,64.0,13.3,5.06,StandingSave
2647621675.0,692,59,30,SecondHalf,Man City,167,297390,Manuel Akanji,Pass,Unsuccessful,92.2,65.0,91.4,52.8,True,Center,91.4,52.8,8.3,4.61,StandingSave
2647621793.0,482,59,32,SecondHalf,Chelsea,15,369430,Enzo Fernández,Clearance,Successful,6.8,44.2,47.4,24.3,True,Back,47.4,24.3,44.7,5.98,StandingSave
2647621795.0,693,59,39,SecondHalf,Man City,167,313171,Rúben Dias,Pass,Successful,42.6,95.9,61.4,94.1,True,Left,61.4,94.1,19.8,6.22,StandingSave
2647621799.0,694,59,41,SecondHalf,Man City,167,122945,Nathan Aké,Foul,Successful,60.6,91.0,,,True,Left,,,,,Foul; OppositeRelatedEvent=483; Offensive
2647621797.0,483,59,41,SecondHalf,Chelsea,15,395692,Cole Palmer,Foul,Unsuccessful,39.4,9.0,,,False,Back,,,,,RelatedEventId=484; Defensive; OppositeRelatedEvent=694; Foul; StandingSave
2647621841.0,484,59,48,SecondHalf,Chelsea,15,395692,Cole Palmer,Card,Successful,0.0,0.0,,,False,,,,,,Yellow; RelatedEventId=483
2647714341.0,1126,60,4,SecondHalf,Man City,167,365409,Julián Alvarez,Pass,Successful,62.6,87.9,57.6,87.3,True,Left,57.6,87.3,5.3,3.22,StandingSave; FreekickTaken
2647622053.0,695,60,4,SecondHalf,Man City,167,122945,Nathan Aké,Pass,Successful,58.3,84.8,64.5,85.3,True,Left,64.5,85.3,6.5,0.05,StandingSave
2647622063.0,696,60,10,SecondHalf,Man City,167,365409,Julián Alvarez,Pass,Successful,68.0,81.2,61.2,73.8,True,Center,61.2,73.8,8.7,3.76,StandingSave
2647622117.0,697,60,14,SecondHalf,Man City,167,303139,Rodri,Pass,Successful,68.4,81.0,67.5,89.8,True,Left,67.5,89.8,6.1,1.73,StandingSave
2647622161.0,698,60,16,SecondHalf,Man City,167,122945,Nathan Aké,Pass,Successful,66.5,90.0,67.2,70.2,True,Center,67.2,70.2,13.5,4.77,StandingSave
2647622199.0,699,60,19,SecondHalf,Man City,167,297390,Manuel Akanji,Pass,Successful,66.4,71.6,59.9,36.4,True,Center,59.9,36.4,24.9,4.43,StandingSave
2647622269.0,700,60,23,SecondHalf,Man City,167,69778,Kyle Walker,Pass,Successful,61.8,35.5,67.9,76.8,True,Center,67.9,76.8,28.8,1.35,StandingSave
2647622367.0,701,60,28,SecondHalf,Man City,167,122945,Nathan Aké,Pass,Successful,76.5,72.7,82.8,92.5,True,Left,82.8,92.5,15.0,1.11,StandingSave
2647622413.0,702,60,37,SecondHalf,Man City,167,388098,Jérémy Doku,Pass,Successful,93.2,79.2,90.8,37.9,True,Center,90.8,37.9,28.2,4.62,IntentionalAssist; Chipped; LeftFoot; StandingSave; ShotAssist=15; Cross; KeyPass
2647622419.0,703,60,39,SecondHalf,Man City,167,331254,Phil Foden,SavedShot,Successful,90.8,35.0,,,True,Center,,,,,RelatedEventId=702; GoalMouthY=52.3; FirstTouch; BoxRight; BlockedY=48.9; StandingSave; OppositeRelatedEvent=485; Blocked; LowLeft; GoalMouthZ=1.4; SixYardBlock; LeftFoot; Assisted; Volley; IndividualPlay; BlockedX=97.8; IntentionalAssist; RegularPlay
2647622403.0,485,60,40,SecondHalf,Chelsea,15,300426,Axel Disasi,Save,Successful,2.2,51.1,,,True,Back,,,,,OutfielderBlock; OppositeRelatedEvent=703; StandingSave
2647622439.0,704,60,40,SecondHalf,Man City,167,365409,Julián Alvarez,BallTouch,Successful,94.1,51.8,,,True,Center,,,,,StandingSave; KeyPass
2647622457.0,705,60,41,SecondHalf,Man City,167,315227,Erling Haaland,SavedShot,Successful,94.8,48.8,,,True,Center,,,,,SmallBoxCentre; BlockedY=48.7; LowCentre; RelatedEventId=704; FirstTouch; StandingSave; BlockedX=95.6; OppositeRelatedEvent=486; LeftFoot; GoalMouthY=48.4; GoalMouthZ=19; Blocked; SixYardBlock; Assisted; RegularPlay
2647622437.0,486,60,41,SecondHalf,Chelsea,15,421351,Levi Colwill,Save,Successful,3.7,50.4,,,True,Back,,,,,OppositeRelatedEvent=705; StandingSave; OutfielderBlock
2647622507.0,487,60,42,SecondHalf,Chelsea,15,410175,Moisés Caicedo,Clearance,Successful,4.2,38.5,33.5,48.5,True,Back,33.5,48.5,31.5,0.22,StandingSave
2647622487.0,706,60,44,SecondHalf,Man City,167,313171,Rúben Dias,Pass,Successful,66.6,44.0,72.8,41.6,True,Center,72.8,41.6,6.7,6.04,HeadPass; StandingSave
2647622553.0,707,60,45,SecondHalf,Man City,167,297390,Manuel Akanji,Pass,Successful,72.8,41.6,64.1,17.4,True,Right,64.1,17.4,18.8,4.21,StandingSave
2647622579.0,708,60,47,SecondHalf,Man City,167,73084,Kevin De Bruyne,Pass,Unsuccessful,64.1,17.4,67.0,16.1,True,Right,67.0,16.1,3.2,6.00,OppositeRelatedEvent=488; Offensive; StandingSave
2647622517.0,488,60,47,SecondHalf,Chelsea,15,97692,Raheem Sterling,BlockedPass,Successful,32.2,80.6,,,True,Back,,,,,Defensive; StandingSave; OppositeRelatedEvent=708
2647622839.0,710,60,56,SecondHalf,Man City,167,73084,Kevin De Bruyne,Pass,Successful,63.2,0.0,64.8,9.4,True,Right,64.8,9.4,7.4,1.34,ThrowIn
2647622849.0,711,60,57,SecondHalf,Man City,167,297390,Manuel Akanji,Pass,Successful,63.1,7.4,61.5,1.5,True,Right,61.5,1.5,4.3,4.32,StandingSave
2647747279.0,1137,60,58,SecondHalf,Man City,167,73084,Kevin De Bruyne,Pass,Successful,59.0,3.2,30.5,32.0,True,Back,30.5,32.0,35.8,2.56,Longball; StandingSave
2647747291.0,1138,61,3,SecondHalf,Man City,167,121774,Ederson,Pass,Successful,30.5,32.0,42.8,54.5,True,Back,42.8,54.5,20.0,0.87,StandingSave
2647747357.0,1139,61,10,SecondHalf,Man City,167,313171,Rúben Dias,Pass,Successful,62.6,69.7,74.5,7.8,True,Right,74.5,7.8,43.9,5.00,Chipped; Longball; StandingSave
2647622859.0,712,61,14,SecondHalf,Man City,167,331254,Phil Foden,Pass,Successful,80.2,19.3,98.6,32.8,True,Center,98.6,32.8,21.4,0.44,StandingSave
2647622867.0,713,61,16,SecondHalf,Man City,167,73084,Kevin De Bruyne,Pass,Unsuccessful,98.6,32.8,95.8,56.2,True,Center,95.8,56.2,16.2,1.75,StandingSave; Chipped
2647622887.0,490,61,17,SecondHalf,Chelsea,15,403850,Malo Gusto,Clearance,Successful,5.5,41.2,17.2,44.3,True,Back,17.2,44.3,12.5,0.17,Head; StandingSave
2647622905.0,714,61,20,SecondHalf,Man City,167,303139,Rodri,BallTouch,Successful,82.3,56.0,,,True,Center,,,,,StandingSave
2647622957.0,715,61,24,SecondHalf,Man City,167,331254,Phil Foden,Pass,Successful,86.1,62.4,89.6,70.2,True,Center,89.6,70.2,6.5,0.96,StandingSave
2647622967.0,716,61,26,SecondHalf,Man City,167,388098,Jérémy Doku,Pass,Successful,92.3,70.7,90.3,64.8,True,Center,90.3,64.8,4.5,4.23,StandingSave
2647622989.0,717,61,27,SecondHalf,Man City,167,331254,Phil Foden,Pass,Successful,90.3,64.8,85.8,52.8,True,Center,85.8,52.8,9.4,4.19,ShotAssist=13; IntentionalAssist; StandingSave; KeyPass
2647622991.0,718,61,28,SecondHalf,Man City,167,303139,Rodri,MissedShots,Successful,85.4,52.8,,,True,Center,,,,,GoalMouthZ=33.3; StandingSave; BoxCentre; Assisted; FirstTouch; LeftFoot; GoalMouthY=58.5; RelatedEventId=717; IntentionalAssist; RegularPlay
2647623521.0,493,61,51,SecondHalf,Chelsea,15,406564,Djordje Petrovic,Card,Successful,0.0,0.0,,,False,,,,,,Yellow
2647623501.0,492,62,8,SecondHalf,Chelsea,15,406564,Djordje Petrovic,Pass,Unsuccessful,4.9,40.3,74.3,40.0,True,Center,74.3,40.0,72.9,6.28,GoalKick; MissHigh; Longball
2647623493.0,720,62,14,SecondHalf,Man City,167,297390,Manuel Akanji,BallRecovery,Successful,26.2,55.7,,,False,,,,,,
2647623539.0,721,62,14,SecondHalf,Man City,167,297390,Manuel Akanji,Pass,Successful,26.2,55.7,8.5,51.4,True,Back,8.5,51.4,18.8,3.30,StandingSave
2647623549.0,722,62,15,SecondHalf,Man City,167,121774,Ederson,Pass,Unsuccessful,8.5,51.4,40.8,29.5,True,Back,40.8,29.5,37.0,5.87,StandingSave; Longball
2647623557.0,494,62,19,SecondHalf,Chelsea,15,299272,Ben Chilwell,Aerial,Successful,57.6,71.0,,,False,Center,,,,,OppositeRelatedEvent=723; Offensive
2647623551.0,723,62,19,SecondHalf,Man City,167,331254,Phil Foden,Aerial,Unsuccessful,42.4,29.0,,,False,Back,,,,,Defensive; OppositeRelatedEvent=494
2647623569.0,495,62,19,SecondHalf,Chelsea,15,299272,Ben Chilwell,Pass,Unsuccessful,56.0,71.5,67.2,77.9,True,Center,67.2,77.9,12.5,0.35,HeadPass
2647623591.0,724,62,20,SecondHalf,Man City,167,69778,Kyle Walker,Pass,Unsuccessful,29.7,18.1,52.9,47.2,True,Center,52.9,47.2,31.4,0.68,HeadPass; StandingSave
2647623617.0,496,62,24,SecondHalf,Chelsea,15,300426,Axel Disasi,Pass,Unsuccessful,45.8,57.8,70.0,61.8,True,Center,70.0,61.8,25.6,0.11,Longball; StandingSave
2647623663.0,725,62,28,SecondHalf,Man City,167,297390,Manuel Akanji,Pass,Successful,27.8,44.8,7.8,53.1,True,Back,7.8,53.1,21.7,2.88,StandingSave
2647623689.0,726,62,31,SecondHalf,Man City,167,121774,Ederson,Pass,Successful,7.8,53.1,14.3,32.7,True,Back,14.3,32.7,15.5,5.17,StandingSave
2647623741.0,727,62,34,SecondHalf,Man City,167,297390,Manuel Akanji,Pass,Successful,23.4,32.0,29.5,46.9,True,Back,29.5,46.9,12.0,1.01,StandingSave
2647623745.0,728,62,39,SecondHalf,Man City,167,303139,Rodri,Pass,Unsuccessful,43.2,32.3,45.3,25.2,True,Back,45.3,25.2,5.3,5.14,StandingSave
2647623765.0,497,62,39,SecondHalf,Chelsea,15,97692,Raheem Sterling,BallTouch,Successful,52.5,78.5,,,True,Center,,,,,StandingSave
2647623811.0,729,62,45,SecondHalf,Man City,167,331254,Phil Foden,Pass,Successful,72.6,15.1,92.2,17.4,True,Right,92.2,17.4,20.6,0.08,StandingSave
2647623819.0,730,62,46,SecondHalf,Man City,167,69778,Kyle Walker,Pass,Unsuccessful,92.2,17.4,94.1,24.5,True,Center,94.1,24.5,5.2,1.18,OppositeRelatedEvent=498; RightFoot; StandingSave; Offensive; Cross
2647623807.0,498,62,46,SecondHalf,Chelsea,15,299272,Ben Chilwell,Clearance,Successful,8.3,76.4,,,True,Back,,,,,OppositeRelatedEvent=730; BlockedCross; StandingSave
2647623835.0,499,62,49,SecondHalf,Chelsea,15,369430,Enzo Fernández,BallRecovery,Successful,9.4,91.7,,,False,,,,,,
2647623859.0,500,62,51,SecondHalf,Chelsea,15,369430,Enzo Fernández,TakeOn,Unsuccessful,22.1,94.6,,,True,Back,,,,,Defensive; OppositeRelatedEvent=731; StandingSave
2647623863.0,731,62,51,SecondHalf,Man City,167,331254,Phil Foden,Tackle,Successful,77.9,5.4,,,True,Right,,,,,Offensive; OppositeRelatedEvent=500; StandingSave
2647624427.0,502,63,41,SecondHalf,Chelsea,15,97692,Raheem Sterling,SubstitutionOff,Successful,0.0,0.0,,,False,,,,,,JerseyNumber=7; RelatedEventId=503; PlayerPosition=Forward
2647624435.0,503,63,41,SecondHalf,Chelsea,15,300945,Christopher Nkunku,SubstitutionOn,Successful,0.0,0.0,,,False,,,,,,RelatedEventId=502; PlayerPosition=Midfielder; FormationSlot=11; JerseyNumber=18
2647632393.0,594,63,43,SecondHalf,Chelsea,15,,,FormationChange,Successful,0.0,0.0,,,False,,,,,,"JerseyNumber=28, 27, 21, 8, 2, 26, 20, 25, 18, 23, 15, 14, 10, 11, 13, 31, 42, 53, 79; CaptainPlayerId=299272; PlayerPosition=1, 2, 2, 3, 2, 2, 3, 3, 4, 3, 3, 5, 5, 5, 5, 5, 5, 5, 5; TeamFormation=8; TeamPlayerFormation=1, 2, 3, 4, 5, 6, 7, 8, 9, 10, 11, 0, 0, 0, 0, 0, 0, 0, 0; InvolvedPlayers=406564,403850,299272,369430,300426,421351,395692,410175,300945,375621,426050,353292,409376,389935,135768,433219,467969,463992,516952"
2647624543.0,734,63,53,SecondHalf,Man City,167,365409,Julián Alvarez,SubstitutionOff,Successful,0.0,0.0,,,False,,,,,,RelatedEventId=735; PlayerPosition=Forward; JerseyNumber=19
2647624545.0,735,63,53,SecondHalf,Man City,167,136741,Bernardo Silva,SubstitutionOn,Successful,0.0,0.0,,,False,,,,,,FormationSlot=10; RelatedEventId=734; JerseyNumber=20; PlayerPosition=Midfielder
2647624829.0,504,64,19,SecondHalf,Chelsea,15,299272,Ben Chilwell,Pass,Successful,29.1,100.0,44.5,75.7,True,Back,44.5,75.7,23.8,5.46,ThrowIn; Longball
2647624841.0,505,64,20,SecondHalf,Chelsea,15,300945,Christopher Nkunku,Dispossessed,Successful,39.6,69.5,,,True,Back,,,,,Offensive; OppositeRelatedEvent=736
2647624845.0,736,64,21,SecondHalf,Man City,167,303139,Rodri,Tackle,Successful,60.4,30.5,,,True,Center,,,,,OppositeRelatedEvent=505; Defensive; StandingSave
2647624851.0,737,64,22,SecondHalf,Man City,167,388098,Jérémy Doku,BallRecovery,Successful,73.0,44.0,,,False,,,,,,
2647624913.0,738,64,24,SecondHalf,Man City,167,388098,Jérémy Doku,Pass,Successful,76.6,46.0,91.9,57.5,True,Center,91.9,57.5,17.9,0.45,IntentionalAssist; StandingSave; ShotAssist=15; KeyPass
2647624917.0,739,64,26,SecondHalf,Man City,167,315227,Erling Haaland,SavedShot,Successful,90.9,61.3,,,True,Center,,,,,RelatedEventId=738; Assisted; GoalMouthZ=17.1; LeftFoot; StandingSave; FirstTouch; BlockedY=51.4; LowLeft; BlockedX=98.8; RegularPlay; BoxCentre; OppositeRelatedEvent=506; IntentionalAssist; GoalMouthY=53.0
2647624909.0,506,64,27,SecondHalf,Chelsea,15,406564,Djordje Petrovic,Save,Successful,2.9,47.9,,,True,Back,,,,,OppositeRelatedEvent=739; ParriedSafe; Hands; DivingSave; KeeperSaveInTheBox
2647624921.0,507,64,28,SecondHalf,Chelsea,15,406564,Djordje Petrovic,CornerAwarded,Unsuccessful,5.5,45.2,,,False,Back,,,,,MissLeft; OppositeRelatedEvent=740
2647624923.0,740,64,28,SecondHalf,Man City,167,315227,Erling Haaland,CornerAwarded,Successful,94.5,54.8,,,False,Center,,,,,OppositeRelatedEvent=507; MissLeft
2647624977.0,741,64,33,SecondHalf,Man City,167,303139,Rodri,Pass,Successful,99.5,99.5,91.7,90.8,True,Left,91.7,90.8,10.1,3.77,CornerTaken; StandingSave
2647625001.0,742,64,34,SecondHalf,Man City,167,136741,Bernardo Silva,Pass,Successful,91.6,90.8,85.4,81.4,True,Left,85.4,81.4,9.1,3.92,ShotAssist=13; StandingSave; KeyPass
2647625005.0,743,64,37,SecondHalf,Man City,167,388098,Jérémy Doku,MissedShots,Successful,83.8,70.2,,,True,Center,,,,,RightFoot; RelatedEventId=742; BoxLeft; GoalMouthZ=54.2; Assisted; StandingSave; GoalMouthY=29.9; HighRight; IndividualPlay; FromCorner
2647625259.0,509,64,57,SecondHalf,Chelsea,15,410175,Moisés Caicedo,Pass,Successful,5.6,61.2,4.1,41.9,True,Back,4.1,41.9,13.2,4.59,GoalKick
2647625265.0,510,65,3,SecondHalf,Chelsea,15,406564,Djordje Petrovic,Pass,Unsuccessful,9.0,38.7,51.9,39.3,True,Center,51.9,39.3,45.0,0.01,StandingSave; Longball
2647625271.0,745,65,5,SecondHalf,Man City,167,313171,Rúben Dias,Pass,Successful,46.8,60.4,60.1,69.4,True,Center,60.1,69.4,15.2,0.41,HeadPass; StandingSave
2647625279.0,746,65,5,SecondHalf,Man City,167,136741,Bernardo Silva,Pass,Successful,60.1,69.4,70.8,66.3,True,Center,70.8,66.3,11.4,6.10,HeadPass; StandingSave
2647625281.0,747,65,7,SecondHalf,Man City,167,73084,Kevin De Bruyne,BallRecovery,Successful,70.8,66.3,,,False,,,,,,
2647625285.0,748,65,7,SecondHalf,Man City,167,73084,Kevin De Bruyne,Pass,Unsuccessful,70.8,66.3,75.7,57.9,True,Center,75.7,57.9,7.7,5.45,StandingSave
2647718963.0,720,65,8,SecondHalf,Chelsea,15,410175,Moisés Caicedo,BallRecovery,Successful,28.3,41.2,,,False,,,,,,
2647625309.0,511,65,9,SecondHalf,Chelsea,15,410175,Moisés Caicedo,Pass,Successful,25.9,42.8,21.5,36.1,True,Back,21.5,36.1,6.5,3.92,StandingSave
2647625345.0,512,65,11,SecondHalf,Chelsea,15,300426,Axel Disasi,Pass,Successful,22.3,34.8,42.4,31.9,True,Back,42.4,31.9,21.2,6.19,StandingSave
2647625357.0,513,65,12,SecondHalf,Chelsea,15,375621,Conor Gallagher,Pass,Successful,41.9,30.4,39.8,10.7,True,Back,39.8,10.7,13.6,4.55,StandingSave
2647625387.0,514,65,14,SecondHalf,Chelsea,15,395692,Cole Palmer,Pass,Successful,39.5,10.3,68.3,25.9,True,Center,68.3,25.9,32.0,0.34,StandingSave; Chipped; Longball
2647625421.0,515,65,18,SecondHalf,Chelsea,15,375621,Conor Gallagher,Pass,Successful,71.3,27.0,84.3,49.7,True,Center,84.3,49.7,20.6,0.85,StandingSave; ShotAssist=15; IntentionalAssist; KeyPass
2647625423.0,516,65,21,SecondHalf,Chelsea,15,300945,Christopher Nkunku,SavedShot,Successful,86.5,47.4,,,True,Center,,,,,StandingSave; BoxCentre; LowCentre; RightFoot; RelatedEventId=515; GoalMouthZ=19; IntentionalAssist; Blocked; BlockedY=47.7; GoalMouthY=49.1; BlockedX=88.5; Assisted; RegularPlay; OppositeRelatedEvent=749
2647625425.0,749,65,21,SecondHalf,Man City,167,297390,Manuel Akanji,Save,Successful,12.7,53.4,,,True,Back,,,,,OutfielderBlock; StandingSave; OppositeRelatedEvent=516
2647625457.0,517,65,23,SecondHalf,Chelsea,15,369430,Enzo Fernández,MissedShots,Successful,85.1,55.4,,,True,Center,,,,,LeftFoot; GoalMouthY=50.4; RegularPlay; StandingSave; BoxCentre; MissHigh; FirstTouch; GoalMouthZ=93.1
2647625547.0,751,65,32,SecondHalf,Man City,167,121774,Ederson,Pass,Successful,4.7,43.4,29.1,37.8,True,Back,29.1,37.8,25.9,6.14,GoalKick
2647625623.0,753,65,35,SecondHalf,Man City,167,303139,Rodri,Pass,Successful,32.2,42.0,72.4,88.8,True,Left,72.4,88.8,52.9,0.65,Longball; Chipped; StandingSave
2647625625.0,754,65,42,SecondHalf,Man City,167,388098,Jérémy Doku,TakeOn,Unsuccessful,76.1,85.5,,,True,Left,,,,,Offensive; StandingSave; OppositeRelatedEvent=519
2647625643.0,519,65,42,SecondHalf,Chelsea,15,403850,Malo Gusto,Tackle,Unsuccessful,23.9,14.5,,,True,Back,,,,,StandingSave; OppositeRelatedEvent=754; Defensive
2647625633.0,755,65,42,SecondHalf,Man City,167,388098,Jérémy Doku,BallTouch,Successful,73.5,88.1,,,True,Left,,,,,StandingSave
2647625677.0,520,65,44,SecondHalf,Chelsea,15,403850,Malo Gusto,Foul,Successful,12.2,8.5,,,True,Back,,,,,OppositeRelatedEvent=756; Foul; Defensive
2647625683.0,756,65,44,SecondHalf,Man City,167,388098,Jérémy Doku,Foul,Unsuccessful,87.8,91.5,,,False,Left,,,,,OppositeRelatedEvent=520; StandingSave; Foul; Offensive
2647626087.0,521,66,26,SecondHalf,Chelsea,15,300426,Axel Disasi,Pass,Unsuccessful,11.5,12.5,58.8,56.3,True,Center,58.8,56.3,57.9,0.54,FreekickTaken; StandingSave; Longball
2647626105.0,757,66,28,SecondHalf,Man City,167,69778,Kyle Walker,BallRecovery,Successful,37.3,41.6,,,False,,,,,,
2647626197.0,758,66,29,SecondHalf,Man City,167,69778,Kyle Walker,Pass,Successful,37.3,41.6,14.7,65.8,True,Back,14.7,65.8,28.9,2.54,StandingSave
2647626315.0,759,66,38,SecondHalf,Man City,167,121774,Ederson,Pass,Successful,16.4,53.0,24.5,21.7,True,Back,24.5,21.7,22.9,5.09,StandingSave
2647626353.0,760,66,48,SecondHalf,Man City,167,69778,Kyle Walker,Pass,Unsuccessful,31.3,19.8,69.8,15.4,True,Right,69.8,15.4,40.5,6.21,Chipped; Longball; StandingSave
2647626377.0,522,66,51,SecondHalf,Chelsea,15,421351,Levi Colwill,Clearance,Successful,26.0,90.3,36.7,100.0,True,Back,36.7,100.0,13.6,0.60,StandingSave; Head
2647626505.0,762,67,4,SecondHalf,Man City,167,69778,Kyle Walker,Pass,Successful,61.1,0.0,46.2,11.9,True,Back,46.2,11.9,18.3,2.60,ThrowIn
2647626539.0,763,67,7,SecondHalf,Man City,167,313171,Rúben Dias,Pass,Successful,45.6,13.2,41.4,59.0,True,Back,41.4,59.0,31.5,1.71,StandingSave
2647626545.0,764,67,10,SecondHalf,Man City,167,303139,Rodri,Pass,Successful,41.4,59.0,56.1,81.4,True,Left,56.1,81.4,21.7,0.78,StandingSave
2647626575.0,765,67,12,SecondHalf,Man City,167,122945,Nathan Aké,Pass,Successful,56.1,81.4,69.1,95.1,True,Left,69.1,95.1,16.5,0.60,StandingSave
2647626615.0,766,67,18,SecondHalf,Man City,167,388098,Jérémy Doku,Pass,Successful,76.1,88.0,67.5,79.5,True,Left,67.5,79.5,10.7,3.71,StandingSave
2647626651.0,767,67,24,SecondHalf,Man City,167,122945,Nathan Aké,Pass,Successful,64.7,77.6,61.9,42.6,True,Center,61.9,42.6,24.0,4.59,StandingSave
2647626675.0,768,67,26,SecondHalf,Man City,167,313171,Rúben Dias,Pass,Successful,61.9,42.6,64.4,24.0,True,Center,64.4,24.0,12.9,4.92,StandingSave
2647626739.0,769,67,28,SecondHalf,Man City,167,69778,Kyle Walker,Pass,Successful,64.4,24.0,72.8,6.3,True,Right,72.8,6.3,14.9,5.34,StandingSave
2647626757.0,770,67,33,SecondHalf,Man City,167,331254,Phil Foden,Pass,Successful,75.1,22.0,73.7,32.2,True,Center,73.7,32.2,7.1,1.78,StandingSave
2647626827.0,771,67,34,SecondHalf,Man City,167,303139,Rodri,Pass,Successful,73.7,32.2,66.0,54.3,True,Center,66.0,54.3,17.1,2.06,StandingSave
2647626843.0,772,67,40,SecondHalf,Man City,167,313171,Rúben Dias,Pass,Unsuccessful,72.6,60.7,71.7,44.3,True,Center,71.7,44.3,11.2,4.63,OppositeRelatedEvent=525; StandingSave; Offensive
2647626853.0,524,67,41,SecondHalf,Chelsea,15,300945,Christopher Nkunku,Interception,Successful,23.5,54.0,,,True,Back,,,,,
2647626867.0,773,67,42,SecondHalf,Man City,167,303139,Rodri,Pass,Unsuccessful,70.5,54.7,73.3,58.2,True,Center,73.3,58.2,3.8,0.68,Offensive; OppositeRelatedEvent=525; StandingSave
2647626875.0,525,67,43,SecondHalf,Chelsea,15,410175,Moisés Caicedo,BlockedPass,Successful,21.3,50.7,,,True,Back,,,,,OppositeRelatedEvent=773; Defensive; StandingSave
2647626889.0,774,67,44,SecondHalf,Man City,167,315227,Erling Haaland,BallTouch,Unsuccessful,70.4,42.3,,,True,Center,,,,,StandingSave
2647626893.0,526,67,44,SecondHalf,Chelsea,15,421351,Levi Colwill,BallRecovery,Successful,22.8,55.5,,,False,,,,,,
2647626905.0,527,67,45,SecondHalf,Chelsea,15,421351,Levi Colwill,Pass,Successful,22.8,55.5,31.5,55.2,True,Back,31.5,55.2,9.1,6.26,StandingSave
2647626935.0,528,67,46,SecondHalf,Chelsea,15,300945,Christopher Nkunku,Pass,Successful,31.4,58.8,41.3,85.4,True,Back,41.3,85.4,20.9,1.05,StandingSave
2647627027.0,529,67,58,SecondHalf,Chelsea,15,426050,Nicolas Jackson,Pass,Successful,85.7,83.6,75.8,72.4,True,Center,75.8,72.4,12.9,3.77,StandingSave
2647627041.0,530,68,0,SecondHalf,Chelsea,15,369430,Enzo Fernández,Pass,Successful,78.8,65.7,84.7,52.4,True,Center,84.7,52.4,11.0,5.31,StandingSave
2647627059.0,531,68,1,SecondHalf,Chelsea,15,300945,Christopher Nkunku,Pass,Unsuccessful,84.7,52.4,93.8,39.1,True,Center,93.8,39.1,13.2,5.53,StandingSave
2647627067.0,775,68,3,SecondHalf,Man City,167,121774,Ederson,KeeperPickup,Successful,7.9,62.8,,,False,,,,,,StandingSave
2647627139.0,776,68,6,SecondHalf,Man City,167,121774,Ederson,Pass,Successful,15.2,55.2,28.7,52.5,True,Back,28.7,52.5,14.3,6.15,KeeperThrow; StandingSave
2647627185.0,777,68,9,SecondHalf,Man City,167,303139,Rodri,Pass,Successful,28.7,52.5,26.7,81.9,True,Back,26.7,81.9,20.1,1.68,StandingSave
2647627257.0,778,68,12,SecondHalf,Man City,167,122945,Nathan Aké,Pass,Successful,29.2,83.4,60.7,94.7,True,Left,60.7,94.7,34.0,0.23,Longball; StandingSave
2647627281.0,779,68,21,SecondHalf,Man City,167,388098,Jérémy Doku,Pass,Successful,73.2,68.9,75.4,23.0,True,Center,75.4,23.0,31.3,4.79,StandingSave; Chipped
2647627313.0,780,68,24,SecondHalf,Man City,167,331254,Phil Foden,Pass,Successful,74.8,23.4,90.3,19.3,True,Right,90.3,19.3,16.5,6.11,StandingSave
2647627323.0,781,68,28,SecondHalf,Man City,167,73084,Kevin De Bruyne,Dispossessed,Successful,96.4,17.8,,,True,Right,,,,,Offensive; OppositeRelatedEvent=532
2647627365.0,532,68,28,SecondHalf,Chelsea,15,421351,Levi Colwill,Tackle,Successful,3.6,82.2,,,True,Back,,,,,Defensive; OppositeRelatedEvent=781; StandingSave
2647627371.0,533,68,30,SecondHalf,Chelsea,15,421351,Levi Colwill,CornerAwarded,Unsuccessful,3.6,79.0,,,False,Back,,,,,MissLeft; OppositeRelatedEvent=782
2647627331.0,782,68,30,SecondHalf,Man City,167,73084,Kevin De Bruyne,CornerAwarded,Successful,96.4,21.0,,,False,Right,,,,,MissRight; OppositeRelatedEvent=533
2647627533.0,783,68,49,SecondHalf,Man City,167,73084,Kevin De Bruyne,Pass,Unsuccessful,99.5,0.5,90.2,45.7,True,Center,90.2,45.7,32.2,1.88,RightFoot; StandingSave; Longball; CornerTaken; Chipped; Cross
2647627587.0,535,68,51,SecondHalf,Chelsea,15,300426,Axel Disasi,Aerial,Successful,8.0,52.9,,,False,Back,,,,,Defensive; OppositeRelatedEvent=784
2647627543.0,784,68,51,SecondHalf,Man City,167,122945,Nathan Aké,Aerial,Unsuccessful,92.0,47.1,,,False,Center,,,,,Offensive; OppositeRelatedEvent=535
2647627539.0,534,68,51,SecondHalf,Chelsea,15,300426,Axel Disasi,Clearance,Successful,7.8,54.2,30.2,49.0,True,Back,30.2,49.0,23.8,6.13,Head
2647627667.0,785,68,55,SecondHalf,Man City,167,69778,Kyle Walker,Pass,Successful,66.0,47.4,68.0,27.4,True,Center,68.0,27.4,13.8,4.87,StandingSave; ShotAssist=15; KeyPass
2647627671.0,786,69,2,SecondHalf,Man City,167,136741,Bernardo Silva,SavedShot,Successful,77.2,40.6,,,True,Center,,,,,FromCorner; RelatedEventId=785; GoalMouthZ=19; OutOfBoxCentre; GoalMouthY=49.3; OppositeRelatedEvent=536; BlockedX=80.1; StandingSave; Blocked; IndividualPlay; BlockedY=41.7; Assisted; LeftFoot; LowCentre
2647627677.0,536,69,2,SecondHalf,Chelsea,15,426050,Nicolas Jackson,Save,Successful,19.9,58.3,,,True,Back,,,,,StandingSave; OutfielderBlock; OppositeRelatedEvent=786
2647627807.0,787,69,5,SecondHalf,Man City,167,388098,Jérémy Doku,Pass,Successful,70.6,69.7,46.7,53.5,True,Back,46.7,53.5,27.4,3.56,StandingSave
2647627831.0,788,69,13,SecondHalf,Man City,167,313171,Rúben Dias,Pass,Successful,46.8,58.0,55.3,85.3,True,Left,55.3,85.3,20.6,1.12,StandingSave
2647627897.0,789,69,15,SecondHalf,Man City,167,388098,Jérémy Doku,Pass,Successful,55.8,84.9,66.2,94.1,True,Left,66.2,94.1,12.6,0.52,StandingSave
2647627933.0,790,69,21,SecondHalf,Man City,167,136741,Bernardo Silva,Pass,Successful,62.6,74.4,57.5,31.1,True,Center,57.5,31.1,29.9,4.53,StandingSave
2647627971.0,791,69,24,SecondHalf,Man City,167,69778,Kyle Walker,Pass,Successful,59.7,25.4,66.9,12.7,True,Right,66.9,12.7,11.5,5.43,StandingSave
2647627975.0,792,69,28,SecondHalf,Man City,167,73084,Kevin De Bruyne,Pass,Successful,68.2,13.1,66.0,24.0,True,Center,66.0,24.0,7.8,1.87,StandingSave
2647627983.0,793,69,29,SecondHalf,Man City,167,69778,Kyle Walker,Pass,Successful,66.0,24.0,72.5,25.6,True,Center,72.5,25.6,6.9,0.16,StandingSave
2647628013.0,794,69,30,SecondHalf,Man City,167,331254,Phil Foden,Pass,Successful,72.5,25.6,70.9,8.0,True,Right,70.9,8.0,12.1,4.57,StandingSave
2647628035.0,795,69,33,SecondHalf,Man City,167,73084,Kevin De Bruyne,Pass,Unsuccessful,70.9,8.0,90.9,33.3,True,Center,90.9,33.3,27.1,0.69,StandingSave
2647628045.0,537,69,35,SecondHalf,Chelsea,15,421351,Levi Colwill,BallRecovery,Successful,8.5,68.5,,,False,,,,,,
2647628089.0,538,69,39,SecondHalf,Chelsea,15,421351,Levi Colwill,Pass,Unsuccessful,3.7,98.3,11.6,95.0,True,Back,11.6,95.0,8.6,6.02,StandingSave; Longball
2647628125.0,796,69,40,SecondHalf,Man City,167,73084,Kevin De Bruyne,BallTouch,Unsuccessful,84.9,9.7,,,True,Right,,,,,StandingSave
2647628173.0,539,69,45,SecondHalf,Chelsea,15,369430,Enzo Fernández,TakeOn,Unsuccessful,14.0,96.6,,,True,Back,,,,,Defensive; StandingSave; OverRun
2647628263.0,799,69,50,SecondHalf,Man City,167,69778,Kyle Walker,Pass,Unsuccessful,82.9,0.0,89.5,17.8,True,Right,89.5,17.8,15.1,1.10,ThrowIn
2647628255.0,541,69,51,SecondHalf,Chelsea,15,375621,Conor Gallagher,BallTouch,Unsuccessful,16.0,80.9,,,True,Back,,,,,StandingSave; OtherBodyPart
2647629861.0,820,69,52,SecondHalf,Man City,167,315227,Erling Haaland,Pass,Successful,84.8,16.2,81.6,21.5,True,Center,81.6,21.5,4.9,2.32,ShotAssist=15; StandingSave; KeyPass
2647628315.0,800,69,54,SecondHalf,Man City,167,303139,Rodri,SavedShot,Successful,77.8,29.1,,,True,Center,,,,,BlockedY=30.9; GoalMouthZ=19; Blocked; IndividualPlay; OppositeRelatedEvent=542; LowLeft; StandingSave; OutOfBoxCentre; RelatedEventId=820; GoalMouthY=53.3; Assisted; RegularPlay; LeftFoot; BlockedX=79.4
2647628307.0,542,69,54,SecondHalf,Chelsea,15,410175,Moisés Caicedo,Save,Successful,19.4,68.8,,,True,Back,,,,,OutfielderBlock; StandingSave; OppositeRelatedEvent=800
2647631119.0,832,69,54,SecondHalf,Man City,167,303139,Rodri,BallTouch,Successful,79.7,26.4,,,True,Center,,,,,StandingSave; OtherBodyPart
2647628327.0,543,69,55,SecondHalf,Chelsea,15,299272,Ben Chilwell,BallTouch,Successful,13.2,66.9,,,True,Back,,,,,StandingSave; OtherBodyPart
2647723345.0,721,69,56,SecondHalf,Chelsea,15,421351,Levi Colwill,Clearance,Successful,17.1,65.7,60.6,51.3,True,Center,60.6,51.3,46.7,6.07,StandingSave
2647628435.0,802,70,2,SecondHalf,Man City,167,313171,Rúben Dias,Pass,Successful,40.6,46.0,54.0,24.9,True,Center,54.0,24.9,20.1,5.49,StandingSave
2647628467.0,803,70,5,SecondHalf,Man City,167,297390,Manuel Akanji,Pass,Successful,56.2,22.7,67.6,5.4,True,Right,67.6,5.4,16.8,5.51,StandingSave
2647628513.0,804,70,9,SecondHalf,Man City,167,69778,Kyle Walker,Pass,Successful,65.8,18.5,66.6,42.6,True,Center,66.6,42.6,16.4,1.52,StandingSave
2647628537.0,805,70,13,SecondHalf,Man City,167,303139,Rodri,Pass,Unsuccessful,68.2,40.8,89.1,25.6,True,Center,89.1,25.6,24.3,5.84,StandingSave
2647628553.0,544,70,15,SecondHalf,Chelsea,15,299272,Ben Chilwell,Clearance,Successful,9.5,74.4,13.8,100.0,True,Back,13.8,100.0,18.5,1.32,
2647628919.0,546,70,48,SecondHalf,Chelsea,15,395692,Cole Palmer,SubstitutionOff,Successful,0.0,0.0,,,False,,,,,,PlayerPosition=Midfielder; JerseyNumber=20; RelatedEventId=547
2647628929.0,547,70,48,SecondHalf,Chelsea,15,353292,Trevoh Chalobah,SubstitutionOn,Successful,0.0,0.0,,,False,,,,,,RelatedEventId=546; PlayerPosition=Midfielder; FormationSlot=7; JerseyNumber=14
2647723347.0,722,71,2,SecondHalf,Chelsea,15,,,FormationChange,Successful,0.0,0.0,,,False,,,,,,"JerseyNumber=28, 27, 21, 26, 2, 14, 25, 23, 15, 18, 8, 31, 10, 11, 13, 42, 53, 79; TeamFormation=10; PlayerPosition=1, 2, 2, 2, 2, 2, 3, 3, 4, 4, 3, 5, 5, 5, 5, 5, 5, 5; InvolvedPlayers=406564,403850,299272,421351,300426,353292,410175,375621,426050,300945,369430,433219,409376,389935,135768,467969,463992,516952; CaptainPlayerId=299272; TeamPlayerFormation=1, 2, 3, 4, 5, 6, 7, 8, 9, 10, 11, 0, 0, 0, 0, 0, 0, 0"
2647629121.0,807,71,3,SecondHalf,Man City,167,69778,Kyle Walker,Pass,Successful,80.5,0.0,63.6,13.7,True,Right,63.6,13.7,20.7,2.60,ThrowIn
2647629165.0,808,71,6,SecondHalf,Man City,167,313171,Rúben Dias,Pass,Successful,63.6,13.7,68.6,37.9,True,Center,68.6,37.9,17.3,1.26,StandingSave
2647629215.0,809,71,9,SecondHalf,Man City,167,303139,Rodri,Pass,Successful,69.0,42.6,89.3,12.9,True,Right,89.3,12.9,29.4,5.52,StandingSave; Chipped
2647629263.0,810,71,13,SecondHalf,Man City,167,331254,Phil Foden,Pass,Successful,89.1,9.7,73.1,4.8,True,Right,73.1,4.8,17.1,3.34,StandingSave
2647629293.0,811,71,17,SecondHalf,Man City,167,69778,Kyle Walker,Pass,Unsuccessful,80.0,8.8,91.6,50.6,True,Center,91.6,50.6,30.9,1.17,Cross; Chipped; RightFoot; StandingSave
2647629355.0,548,71,18,SecondHalf,Chelsea,15,300426,Axel Disasi,Clearance,Successful,8.1,50.1,20.5,0.0,True,Back,20.5,0.0,37.7,5.06,Head
2647629431.0,813,71,25,SecondHalf,Man City,167,388098,Jérémy Doku,Pass,Successful,83.3,100.0,66.0,92.2,True,Left,66.0,92.2,19.3,3.49,ThrowIn
2647629477.0,814,71,27,SecondHalf,Man City,167,122945,Nathan Aké,Pass,Successful,66.0,92.2,57.2,73.4,True,Center,57.2,73.4,15.8,4.09,StandingSave
2647629553.0,815,71,31,SecondHalf,Man City,167,313171,Rúben Dias,Pass,Successful,59.1,69.4,60.3,30.6,True,Center,60.3,30.6,26.4,4.76,StandingSave
2647629567.0,816,71,36,SecondHalf,Man City,167,69778,Kyle Walker,Pass,Successful,65.9,31.8,72.0,32.8,True,Center,72.0,32.8,6.4,0.11,StandingSave
2647629589.0,817,71,37,SecondHalf,Man City,167,297390,Manuel Akanji,Pass,Successful,73.3,32.2,81.8,8.7,True,Right,81.8,8.7,18.3,5.22,StandingSave
2647629609.0,818,71,39,SecondHalf,Man City,167,331254,Phil Foden,Pass,Successful,82.1,8.8,95.6,24.9,True,Center,95.6,24.9,17.9,0.66,StandingSave
2647629633.0,819,71,40,SecondHalf,Man City,167,73084,Kevin De Bruyne,Pass,Unsuccessful,95.6,24.9,95.8,44.0,True,Center,95.8,44.0,13.0,1.55,RightFoot; StandingSave; Cross
2647629615.0,550,71,41,SecondHalf,Chelsea,15,421351,Levi Colwill,Interception,Successful,4.3,56.0,,,True,Back,,,,,StandingSave
2647629669.0,552,71,42,SecondHalf,Chelsea,15,406564,Djordje Petrovic,KeeperPickup,Successful,1.3,51.2,,,False,,,,,,DivingSave
2647629891.0,553,71,58,SecondHalf,Chelsea,15,406564,Djordje Petrovic,Pass,Successful,9.3,43.4,12.8,31.7,True,Back,12.8,31.7,8.8,5.15,KeeperThrow; StandingSave
2647629905.0,554,72,3,SecondHalf,Chelsea,15,300426,Axel Disasi,Pass,Successful,8.4,25.9,3.9,42.5,True,Back,3.9,42.5,12.2,1.97,StandingSave
2647629917.0,555,72,6,SecondHalf,Chelsea,15,406564,Djordje Petrovic,Pass,Unsuccessful,3.9,42.5,28.9,89.7,True,Back,28.9,89.7,41.5,0.89,Chipped; Longball; StandingSave
2647629935.0,821,72,10,SecondHalf,Man City,167,331254,Phil Foden,BallRecovery,Successful,64.9,10.5,,,False,,,,,,
2647629967.0,822,72,10,SecondHalf,Man City,167,331254,Phil Foden,Pass,Successful,64.9,10.5,61.2,24.9,True,Center,61.2,24.9,10.5,1.95,StandingSave
2647630065.0,823,72,14,SecondHalf,Man City,167,69778,Kyle Walker,Pass,Successful,61.2,25.6,67.9,5.9,True,Right,67.9,5.9,15.1,5.20,StandingSave
2647630095.0,824,72,19,SecondHalf,Man City,167,331254,Phil Foden,Pass,Successful,77.6,5.8,93.3,18.8,True,Right,93.3,18.8,18.7,0.49,StandingSave
2647630099.0,825,72,21,SecondHalf,Man City,167,73084,Kevin De Bruyne,Pass,Unsuccessful,93.3,18.8,95.2,41.8,True,Center,95.2,41.8,15.8,1.44,Cross; Chipped; RightFoot; StandingSave
2647630137.0,556,72,22,SecondHalf,Chelsea,15,421351,Levi Colwill,Clearance,Successful,3.6,60.8,13.8,77.0,True,Back,13.8,77.0,15.4,0.80,StandingSave; Head
2647630173.0,557,72,23,SecondHalf,Chelsea,15,299272,Ben Chilwell,Pass,Successful,13.8,76.3,25.6,84.2,True,Back,25.6,84.2,13.5,0.41,HeadPass
2647630177.0,558,72,24,SecondHalf,Chelsea,15,426050,Nicolas Jackson,BallRecovery,Successful,25.6,83.2,,,False,,,,,,
2647630213.0,559,72,27,SecondHalf,Chelsea,15,426050,Nicolas Jackson,Pass,Successful,27.2,72.1,26.4,66.1,True,Back,26.4,66.1,4.2,4.51,StandingSave
2647630323.0,560,72,28,SecondHalf,Chelsea,15,375621,Conor Gallagher,Pass,Successful,26.4,66.3,60.5,97.4,True,Left,60.5,97.4,41.6,0.53,Longball; Chipped; StandingSave
2647630341.0,561,72,35,SecondHalf,Chelsea,15,299272,Ben Chilwell,Pass,Unsuccessful,66.7,79.7,78.0,34.0,True,Center,78.0,34.0,33.3,5.08,Chipped; StandingSave; Longball
2647630397.0,826,72,38,SecondHalf,Man City,167,122945,Nathan Aké,Pass,Successful,23.0,74.3,29.8,93.9,True,Back,29.8,93.9,15.1,1.08,HeadPass
2647630403.0,827,72,41,SecondHalf,Man City,167,388098,Jérémy Doku,TakeOn,Unsuccessful,32.0,95.8,,,True,Back,,,,,Defensive; OppositeRelatedEvent=562; StandingSave
2647630527.0,562,72,41,SecondHalf,Chelsea,15,353292,Trevoh Chalobah,Tackle,Successful,68.0,4.2,,,True,Right,,,,,Offensive; StandingSave; OppositeRelatedEvent=827
2647630545.0,563,72,48,SecondHalf,Chelsea,15,403850,Malo Gusto,TakeOn,Unsuccessful,89.9,9.4,,,True,Right,,,,,StandingSave; OverRun; Offensive
2647630551.0,828,72,50,SecondHalf,Man City,167,313171,Rúben Dias,BallRecovery,Successful,9.8,75.8,,,False,,,,,,
2647630561.0,829,72,50,SecondHalf,Man City,167,313171,Rúben Dias,Pass,Successful,9.8,75.8,20.2,88.0,True,Back,20.2,88.0,13.7,0.65,StandingSave
2647630591.0,830,72,51,SecondHalf,Man City,167,136741,Bernardo Silva,Pass,Successful,20.2,88.0,14.2,88.6,True,Back,14.2,88.6,6.3,3.08,StandingSave
2647630603.0,831,72,54,SecondHalf,Man City,167,388098,Jérémy Doku,Pass,Unsuccessful,20.8,93.2,27.7,88.6,True,Back,27.7,88.6,7.9,5.88,Offensive; OppositeRelatedEvent=564; StandingSave
2647630597.0,564,72,54,SecondHalf,Chelsea,15,300945,Christopher Nkunku,BlockedPass,Successful,77.2,5.6,,,True,Right,,,,,Defensive; StandingSave; OppositeRelatedEvent=831
2647630641.0,565,72,57,SecondHalf,Chelsea,15,300426,Axel Disasi,BallRecovery,Successful,45.8,8.2,,,False,,,,,,
2647630689.0,566,72,58,SecondHalf,Chelsea,15,300426,Axel Disasi,Pass,Successful,53.3,7.4,58.4,16.1,True,Right,58.4,16.1,8.0,0.84,StandingSave
2647630703.0,567,73,0,SecondHalf,Chelsea,15,410175,Moisés Caicedo,Pass,Successful,58.4,16.1,60.7,32.7,True,Center,60.7,32.7,11.5,1.36,StandingSave
2647630731.0,568,73,1,SecondHalf,Chelsea,15,375621,Conor Gallagher,Pass,Successful,60.7,32.7,56.4,27.0,True,Center,56.4,27.0,6.0,3.85,StandingSave
2647630769.0,569,73,4,SecondHalf,Chelsea,15,410175,Moisés Caicedo,Pass,Successful,52.7,33.0,37.6,49.6,True,Back,37.6,49.6,19.5,2.52,StandingSave
2647630803.0,570,73,7,SecondHalf,Chelsea,15,421351,Levi Colwill,Pass,Successful,37.1,59.7,37.1,77.0,True,Back,37.1,77.0,11.8,1.57,StandingSave
2647630897.0,571,73,9,SecondHalf,Chelsea,15,299272,Ben Chilwell,Pass,Successful,37.0,73.3,15.2,50.6,True,Back,15.2,50.6,27.6,3.73,StandingSave
2647630949.0,572,73,13,SecondHalf,Chelsea,15,406564,Djordje Petrovic,Pass,Successful,15.4,43.1,59.0,28.5,True,Center,59.0,28.5,46.8,6.07,Longball; Chipped; StandingSave
2647631045.0,573,73,16,SecondHalf,Chelsea,15,300945,Christopher Nkunku,Pass,Successful,59.0,28.5,52.6,24.3,True,Center,52.6,24.3,7.3,3.54,HeadPass
2647631091.0,574,73,22,SecondHalf,Chelsea,15,403850,Malo Gusto,Pass,Successful,59.6,28.3,55.7,24.4,True,Center,55.7,24.4,4.9,3.72,StandingSave
2647631113.0,575,73,24,SecondHalf,Chelsea,15,375621,Conor Gallagher,Pass,Successful,55.7,24.4,52.1,23.1,True,Center,52.1,23.1,3.9,3.37,StandingSave
2647631133.0,576,73,24,SecondHalf,Chelsea,15,353292,Trevoh Chalobah,Pass,Successful,52.1,23.1,53.5,36.1,True,Center,53.5,36.1,9.0,1.41,StandingSave
2647631151.0,577,73,26,SecondHalf,Chelsea,15,410175,Moisés Caicedo,Pass,Successful,53.5,36.1,57.4,56.1,True,Center,57.4,56.1,14.2,1.28,StandingSave
2647631195.0,578,73,28,SecondHalf,Chelsea,15,369430,Enzo Fernández,Pass,Successful,58.8,59.6,59.3,87.1,True,Left,59.3,87.1,18.7,1.54,StandingSave
2647631251.0,579,73,31,SecondHalf,Chelsea,15,299272,Ben Chilwell,Pass,Successful,61.6,90.5,69.8,96.6,True,Left,69.8,96.6,9.6,0.45,StandingSave
2647631283.0,580,73,34,SecondHalf,Chelsea,15,426050,Nicolas Jackson,Pass,Successful,64.8,95.1,56.2,88.1,True,Left,56.2,88.1,10.2,3.63,StandingSave
2647631359.0,581,73,36,SecondHalf,Chelsea,15,369430,Enzo Fernández,Pass,Successful,56.5,84.5,45.8,69.3,True,Back,45.8,69.3,15.3,3.89,StandingSave
2647631501.0,582,73,40,SecondHalf,Chelsea,15,421351,Levi Colwill,Pass,Successful,38.7,65.4,18.3,48.5,True,Back,18.3,48.5,24.3,3.63,StandingSave
2647631527.0,583,73,46,SecondHalf,Chelsea,15,406564,Djordje Petrovic,Pass,Successful,18.3,45.1,21.9,10.7,True,Back,21.9,10.7,23.7,4.87,StandingSave
2647631541.0,584,73,48,SecondHalf,Chelsea,15,300426,Axel Disasi,BallTouch,Unsuccessful,22.0,11.0,,,True,Back,,,,,StandingSave
2647631723.0,834,73,55,SecondHalf,Man City,167,73084,Kevin De Bruyne,Pass,Successful,81.6,100.0,62.5,91.7,True,Left,62.5,91.7,21.2,3.48,ThrowIn
2647631791.0,835,74,0,SecondHalf,Man City,167,122945,Nathan Aké,Pass,Successful,60.8,86.3,68.7,93.2,True,Left,68.7,93.2,9.5,0.51,StandingSave
2647631815.0,836,74,3,SecondHalf,Man City,167,73084,Kevin De Bruyne,Pass,Successful,72.0,89.3,94.1,71.2,True,Center,94.1,71.2,26.3,5.80,StandingSave
2647631829.0,837,74,5,SecondHalf,Man City,167,136741,Bernardo Silva,Pass,Unsuccessful,94.1,71.2,94.3,64.5,True,Center,94.3,64.5,4.6,4.76,StandingSave
2647631837.0,586,74,5,SecondHalf,Chelsea,15,300426,Axel Disasi,BallTouch,Successful,7.6,33.6,,,True,Back,,,,,
2647631913.0,838,74,9,SecondHalf,Man City,167,136741,Bernardo Silva,Pass,Unsuccessful,97.4,76.0,97.8,47.5,True,Center,97.8,47.5,19.4,4.73,LeftFoot; Cross; OppositeRelatedEvent=588; StandingSave; Chipped
2647631967.0,588,74,11,SecondHalf,Chelsea,15,406564,Djordje Petrovic,Claim,Successful,3.2,48.7,,,True,Back,,,,,HighClaim; OppositeRelatedEvent=838
2647632121.0,589,74,13,SecondHalf,Chelsea,15,406564,Djordje Petrovic,Pass,Successful,6.4,54.0,25.1,69.6,True,Back,25.1,69.6,22.3,0.50,KeeperThrow; StandingSave
2647632133.0,591,74,20,SecondHalf,Chelsea,15,369430,Enzo Fernández,Pass,Unsuccessful,35.1,98.9,48.4,98.6,True,Back,48.4,98.6,14.0,6.27,StandingSave
2647632125.0,840,74,21,SecondHalf,Man City,167,69778,Kyle Walker,Interception,Successful,49.5,5.6,,,True,Back,,,,,StandingSave
2647632161.0,841,74,21,SecondHalf,Man City,167,69778,Kyle Walker,Pass,Successful,49.5,5.6,59.2,7.6,True,Right,59.2,7.6,10.3,0.13,StandingSave
2647632165.0,842,74,22,SecondHalf,Man City,167,303139,Rodri,BallRecovery,Successful,59.3,10.2,,,False,,,,,,
2647632209.0,843,74,22,SecondHalf,Man City,167,303139,Rodri,Pass,Successful,59.7,14.6,45.0,20.7,True,Back,45.0,20.7,16.0,2.88,StandingSave
2647632229.0,844,74,25,SecondHalf,Man City,167,297390,Manuel Akanji,Pass,Successful,45.0,20.7,61.1,26.4,True,Center,61.1,26.4,17.3,0.23,StandingSave
2647632249.0,845,74,27,SecondHalf,Man City,167,73084,Kevin De Bruyne,Pass,Successful,61.1,26.4,72.3,12.7,True,Right,72.3,12.7,15.0,5.61,StandingSave
2647632295.0,846,74,29,SecondHalf,Man City,167,303139,Rodri,Pass,Successful,74.5,13.6,82.1,26.7,True,Center,82.1,26.7,12.0,0.84,StandingSave
2647632313.0,847,74,31,SecondHalf,Man City,167,331254,Phil Foden,Pass,Unsuccessful,86.2,28.8,90.8,34.2,True,Center,90.8,34.2,6.1,0.65,OppositeRelatedEvent=592; Offensive; StandingSave
2647632307.0,592,74,31,SecondHalf,Chelsea,15,299272,Ben Chilwell,BlockedPass,Successful,15.0,70.0,,,True,Back,,,,,OppositeRelatedEvent=847; StandingSave; Defensive
2647632339.0,848,74,32,SecondHalf,Man City,167,331254,Phil Foden,Pass,Unsuccessful,87.3,33.3,69.3,37.9,True,Center,69.3,37.9,19.2,2.98,StandingSave
2647632349.0,593,74,34,SecondHalf,Chelsea,15,300945,Christopher Nkunku,BallTouch,Unsuccessful,31.2,65.7,,,True,Back,,,,,
2647632383.0,849,74,35,SecondHalf,Man City,167,73084,Kevin De Bruyne,Pass,Successful,70.5,41.6,66.5,60.6,True,Center,66.5,60.6,13.6,1.89,StandingSave
2647632453.0,850,74,38,SecondHalf,Man City,167,122945,Nathan Aké,Pass,Successful,67.2,65.5,80.8,83.4,True,Left,80.8,83.4,18.8,0.71,StandingSave
2647632471.0,851,74,42,SecondHalf,Man City,167,388098,Jérémy Doku,Pass,Successful,85.5,74.4,78.1,62.4,True,Center,78.1,62.4,11.3,3.95,StandingSave
2647632523.0,852,74,44,SecondHalf,Man City,167,73084,Kevin De Bruyne,Pass,Successful,78.1,62.4,81.2,53.1,True,Center,81.2,53.1,7.1,5.19,StandingSave
2647632595.0,853,74,46,SecondHalf,Man City,167,331254,Phil Foden,Pass,Successful,81.2,53.1,86.7,66.7,True,Center,86.7,66.7,10.9,1.01,StandingSave
2647632607.0,854,74,52,SecondHalf,Man City,167,388098,Jérémy Doku,Pass,Successful,85.8,70.0,91.0,80.5,True,Left,91.0,80.5,9.0,0.92,StandingSave
2647632655.0,855,74,53,SecondHalf,Man City,167,136741,Bernardo Silva,Pass,Successful,91.0,80.5,76.8,76.3,True,Center,76.8,76.3,15.2,3.33,StandingSave
2647632739.0,856,74,55,SecondHalf,Man City,167,122945,Nathan Aké,Pass,Successful,76.8,76.3,85.5,86.9,True,Left,85.5,86.9,11.6,0.67,StandingSave
2647632773.0,857,74,59,SecondHalf,Man City,167,136741,Bernardo Silva,Pass,Successful,82.1,85.3,67.2,48.7,True,Center,67.2,48.7,29.4,4.15,Chipped; StandingSave
2647632819.0,858,75,4,SecondHalf,Man City,167,303139,Rodri,Pass,Successful,67.2,48.7,70.6,24.7,True,Center,70.6,24.7,16.7,4.93,StandingSave
2647632847.0,859,75,7,SecondHalf,Man City,167,297390,Manuel Akanji,Pass,Successful,70.8,25.7,69.9,48.7,True,Center,69.9,48.7,15.7,1.63,StandingSave
2647632917.0,860,75,8,SecondHalf,Man City,167,303139,Rodri,Pass,Successful,72.3,53.0,90.1,81.5,True,Left,90.1,81.5,26.9,0.80,Chipped; StandingSave
2647633007.0,861,75,13,SecondHalf,Man City,167,388098,Jérémy Doku,Pass,Successful,91.7,75.1,90.2,64.5,True,Center,90.2,64.5,7.4,4.50,StandingSave
2647633019.0,862,75,15,SecondHalf,Man City,167,136741,Bernardo Silva,Pass,Unsuccessful,91.7,64.8,91.4,62.1,True,Center,91.4,62.1,1.9,4.54,StandingSave; Offensive; OppositeRelatedEvent=596
2647632981.0,596,75,15,SecondHalf,Chelsea,15,410175,Moisés Caicedo,BlockedPass,Successful,8.4,39.1,,,True,Back,,,,,StandingSave; OppositeRelatedEvent=862; Defensive
2647632985.0,597,75,17,SecondHalf,Chelsea,15,410175,Moisés Caicedo,CornerAwarded,Unsuccessful,8.5,38.5,,,False,Back,,,,,MissLeft; OppositeRelatedEvent=863
2647633037.0,863,75,17,SecondHalf,Man City,167,136741,Bernardo Silva,CornerAwarded,Successful,91.5,61.5,,,False,Center,,,,,MissLeft; OppositeRelatedEvent=597
2647633455.0,864,75,42,SecondHalf,Man City,167,73084,Kevin De Bruyne,Pass,Unsuccessful,99.5,99.5,97.8,57.7,True,Center,97.8,57.7,28.5,4.65,Cross; RightFoot; Chipped; CornerTaken; StandingSave
2647633485.0,598,75,43,SecondHalf,Chelsea,15,403850,Malo Gusto,Clearance,Successful,3.2,40.0,13.0,23.3,True,Back,13.0,23.3,15.3,5.45,Head
2647633515.0,865,75,46,SecondHalf,Man City,167,331254,Phil Foden,Pass,Successful,90.2,83.2,85.7,85.6,True,Left,85.7,85.6,5.0,2.81,StandingSave
2647633549.0,866,75,47,SecondHalf,Man City,167,73084,Kevin De Bruyne,Pass,Unsuccessful,85.7,85.6,94.0,84.2,True,Left,94.0,84.2,8.8,6.17,StandingSave
2647633571.0,599,75,50,SecondHalf,Chelsea,15,403850,Malo Gusto,Clearance,Successful,1.7,12.0,4.7,0.0,True,Back,4.7,0.0,10.0,5.03,
2647633695.0,868,75,57,SecondHalf,Man City,167,73084,Kevin De Bruyne,Pass,Successful,92.3,100.0,93.0,90.3,True,Left,93.0,90.3,8.0,4.80,ThrowIn
2647633711.0,869,75,58,SecondHalf,Man City,167,331254,Phil Foden,Pass,Successful,93.0,90.3,91.6,95.9,True,Left,91.6,95.9,4.1,1.94,StandingSave
2647633733.0,870,76,0,SecondHalf,Man City,167,73084,Kevin De Bruyne,Pass,Successful,91.6,95.9,98.7,83.1,True,Left,98.7,83.1,11.5,5.42,StandingSave
2647633797.0,871,76,2,SecondHalf,Man City,167,331254,Phil Foden,Pass,Successful,98.7,83.1,80.9,28.6,True,Center,80.9,28.6,41.5,4.25,Cross; LeftFoot; StandingSave; Chipped; Longball
2647633827.0,872,76,7,SecondHalf,Man City,167,136741,Bernardo Silva,Pass,Unsuccessful,80.9,28.6,100.0,57.9,True,Center,100.0,57.9,29.2,0.75,LeftFoot; Chipped; Cross; StandingSave
2647634227.0,602,76,35,SecondHalf,Chelsea,15,406564,Djordje Petrovic,Pass,Unsuccessful,5.0,43.7,63.4,34.3,True,Center,63.4,34.3,61.7,6.18,MissHigh; GoalKick; Longball
2647634223.0,874,76,38,SecondHalf,Man City,167,313171,Rúben Dias,Aerial,Successful,38.6,67.4,,,False,Back,,,,,Defensive; OppositeRelatedEvent=603
2647634245.0,603,76,38,SecondHalf,Chelsea,15,426050,Nicolas Jackson,Aerial,Unsuccessful,61.4,32.6,,,False,Center,,,,,OppositeRelatedEvent=874; Offensive
2647635453.0,892,76,38,SecondHalf,Man City,167,313171,Rúben Dias,Pass,Unsuccessful,36.6,61.8,38.7,61.8,True,Back,38.7,61.8,2.2,0.00,HeadPass
2647634251.0,604,76,38,SecondHalf,Chelsea,15,426050,Nicolas Jackson,BallTouch,Successful,63.1,34.5,,,True,Center,,,,,Head
2647634265.0,875,76,40,SecondHalf,Man City,167,297390,Manuel Akanji,BallRecovery,Successful,34.0,53.6,,,False,,,,,,
2647634351.0,876,76,40,SecondHalf,Man City,167,297390,Manuel Akanji,Pass,Successful,34.0,53.6,42.8,11.2,True,Back,42.8,11.2,30.3,5.02,StandingSave
2647634387.0,877,76,47,SecondHalf,Man City,167,69778,Kyle Walker,Pass,Successful,56.8,6.1,55.8,22.4,True,Center,55.8,22.4,11.1,1.67,StandingSave
2647634411.0,878,76,49,SecondHalf,Man City,167,303139,Rodri,Pass,Successful,57.7,20.0,63.1,26.6,True,Center,63.1,26.6,7.2,0.67,StandingSave
2647634443.0,879,76,50,SecondHalf,Man City,167,331254,Phil Foden,Pass,Successful,63.1,26.6,65.1,21.7,True,Center,65.1,21.7,3.9,5.27,StandingSave
2647634477.0,880,76,53,SecondHalf,Man City,167,303139,Rodri,Pass,Successful,84.2,28.6,80.0,42.5,True,Center,80.0,42.5,10.4,2.01,StandingSave
2647634483.0,881,76,54,SecondHalf,Man City,167,73084,Kevin De Bruyne,Dispossessed,Successful,80.9,45.3,,,True,Center,,,,,Offensive; OppositeRelatedEvent=606
2647634485.0,606,76,54,SecondHalf,Chelsea,15,375621,Conor Gallagher,Tackle,Successful,19.1,54.7,,,True,Back,,,,,OppositeRelatedEvent=881; StandingSave; Defensive
2647634499.0,607,76,56,SecondHalf,Chelsea,15,410175,Moisés Caicedo,Pass,Successful,15.2,68.1,21.3,76.6,True,Back,21.3,76.6,8.6,0.73,StandingSave
2647634501.0,608,76,57,SecondHalf,Chelsea,15,369430,Enzo Fernández,BallRecovery,Successful,21.3,76.6,,,False,,,,,,
2647634525.0,609,76,57,SecondHalf,Chelsea,15,369430,Enzo Fernández,Pass,Successful,21.3,76.6,33.7,69.0,True,Back,33.7,69.0,14.0,5.91,StandingSave
2647634527.0,610,76,59,SecondHalf,Chelsea,15,426050,Nicolas Jackson,TakeOn,Unsuccessful,36.0,68.6,,,True,Back,,,,,Offensive; StandingSave; OppositeRelatedEvent=882
2647634557.0,882,76,59,SecondHalf,Man City,167,297390,Manuel Akanji,Tackle,Successful,64.0,31.4,,,True,Center,,,,,Defensive; StandingSave; OppositeRelatedEvent=610
2647634571.0,883,76,59,SecondHalf,Man City,167,136741,Bernardo Silva,BallTouch,Successful,63.8,37.2,,,True,Center,,,,,StandingSave
2647634593.0,884,77,1,SecondHalf,Man City,167,122945,Nathan Aké,BallRecovery,Successful,46.8,54.3,,,False,,,,,,
2647634785.0,885,77,4,SecondHalf,Man City,167,122945,Nathan Aké,Pass,Successful,58.5,67.2,68.9,92.4,True,Left,68.9,92.4,20.3,1.00,StandingSave
2647634797.0,886,77,11,SecondHalf,Man City,167,388098,Jérémy Doku,Pass,Unsuccessful,93.3,73.2,93.5,71.1,True,Center,93.5,71.1,1.4,4.86,StandingSave
2647634805.0,612,77,11,SecondHalf,Chelsea,15,403850,Malo Gusto,BallTouch,Successful,6.1,27.2,,,True,Back,,,,,StandingSave
2647634841.0,613,77,13,SecondHalf,Chelsea,15,421351,Levi Colwill,Clearance,Successful,3.5,54.3,5.8,29.7,True,Back,5.8,29.7,16.9,4.86,
2647634859.0,614,77,14,SecondHalf,Chelsea,15,403850,Malo Gusto,Clearance,Successful,6.3,29.2,12.8,16.1,True,Back,12.8,16.1,11.2,5.37,Head
2647634921.0,887,77,17,SecondHalf,Man City,167,73084,Kevin De Bruyne,Pass,Successful,83.5,92.7,75.5,77.6,True,Center,75.5,77.6,13.3,4.03,StandingSave
2647634955.0,888,77,20,SecondHalf,Man City,167,122945,Nathan Aké,Pass,Successful,75.5,77.3,81.5,89.7,True,Left,81.5,89.7,10.5,0.93,StandingSave
2647635005.0,889,77,22,SecondHalf,Man City,167,73084,Kevin De Bruyne,Pass,Successful,83.5,89.1,93.4,51.9,True,Center,93.4,51.9,27.3,5.10,ShotAssist=13; Cross; IntentionalAssist; LeftFoot; StandingSave; Chipped; BigChanceCreated; KeyPass
2647635011.0,890,77,23,SecondHalf,Man City,167,315227,Erling Haaland,MissedShots,Successful,93.4,51.9,,,True,Center,,,,,IntentionalAssist; GoalMouthY=56.5; BoxCentre; FirstTouch; HighLeft; RelatedEventId=889; RegularPlay; GoalMouthZ=80.6; BigChance; Assisted; Head
2647635547.0,616,77,52,SecondHalf,Chelsea,15,406564,Djordje Petrovic,Pass,Successful,4.7,45.8,60.1,43.4,True,Center,60.1,43.4,58.2,6.26,MissHigh; Longball; GoalKick
2647748009.0,733,77,55,SecondHalf,Chelsea,15,426050,Nicolas Jackson,Aerial,Successful,63.9,43.5,,,False,Center,,,,,OppositeRelatedEvent=1140; Offensive
2647748013.0,1140,77,55,SecondHalf,Man City,167,297390,Manuel Akanji,Aerial,Unsuccessful,36.1,56.5,,,False,Back,,,,,OppositeRelatedEvent=733; Defensive
2647748093.0,734,77,56,SecondHalf,Chelsea,15,426050,Nicolas Jackson,Pass,Unsuccessful,63.9,43.5,75.7,40.3,True,Center,75.7,40.3,12.6,6.11,HeadPass
2647635619.0,893,77,56,SecondHalf,Man City,167,313171,Rúben Dias,BallRecovery,Successful,22.6,62.1,,,False,,,,,,
2647635639.0,894,77,57,SecondHalf,Man City,167,313171,Rúben Dias,Pass,Successful,22.6,62.1,8.4,52.1,True,Back,8.4,52.1,16.4,3.57,StandingSave
2647635657.0,895,78,0,SecondHalf,Man City,167,121774,Ederson,Pass,Successful,8.4,52.1,29.7,52.6,True,Back,29.7,52.6,22.4,0.02,StandingSave
2647635671.0,896,78,2,SecondHalf,Man City,167,303139,Rodri,Pass,Successful,29.7,52.6,21.3,64.6,True,Back,21.3,64.6,12.0,2.40,StandingSave
2647635697.0,897,78,3,SecondHalf,Man City,167,313171,Rúben Dias,Pass,Successful,21.3,64.6,33.6,76.3,True,Back,33.6,76.3,15.2,0.55,StandingSave
2647635735.0,898,78,6,SecondHalf,Man City,167,136741,Bernardo Silva,Pass,Successful,33.6,76.3,34.3,61.4,True,Back,34.3,61.4,10.2,4.78,StandingSave
2647635741.0,899,78,7,SecondHalf,Man City,167,303139,Rodri,Dispossessed,Successful,33.6,67.5,,,True,Back,,,,,Offensive; OppositeRelatedEvent=617
2647635757.0,617,78,8,SecondHalf,Chelsea,15,369430,Enzo Fernández,Tackle,Unsuccessful,66.4,32.5,,,True,Center,,,,,OppositeRelatedEvent=899; Defensive; StandingSave
2647635795.0,900,78,10,SecondHalf,Man City,167,313171,Rúben Dias,Pass,Successful,29.4,75.3,37.5,93.4,True,Back,37.5,93.4,15.0,0.97,StandingSave
2647635807.0,901,78,12,SecondHalf,Man City,167,122945,Nathan Aké,Pass,Successful,37.5,93.4,37.5,80.2,True,Back,37.5,80.2,9.0,4.71,StandingSave
2647635875.0,902,78,14,SecondHalf,Man City,167,303139,Rodri,Pass,Successful,37.5,80.2,28.8,50.1,True,Back,28.8,50.1,22.4,4.29,StandingSave
2647636023.0,903,78,17,SecondHalf,Man City,167,297390,Manuel Akanji,Pass,Successful,30.9,45.9,40.4,21.5,True,Back,40.4,21.5,19.4,5.25,StandingSave
2647636055.0,904,78,25,SecondHalf,Man City,167,136741,Bernardo Silva,Pass,Successful,66.5,12.0,64.6,21.0,True,Right,64.6,21.0,6.4,1.89,StandingSave
2647636103.0,905,78,28,SecondHalf,Man City,167,331254,Phil Foden,Pass,Successful,64.6,21.0,65.4,74.9,True,Center,65.4,74.9,36.7,1.55,Longball; Chipped; StandingSave
2647636129.0,906,78,31,SecondHalf,Man City,167,122945,Nathan Aké,Pass,Successful,67.0,75.8,69.7,84.2,True,Left,69.7,84.2,6.4,1.11,StandingSave
2647636165.0,907,78,33,SecondHalf,Man City,167,73084,Kevin De Bruyne,Pass,Successful,70.4,83.2,69.3,67.8,True,Center,69.3,67.8,10.5,4.60,StandingSave
2647636181.0,908,78,35,SecondHalf,Man City,167,303139,Rodri,Pass,Successful,69.2,67.8,74.1,60.6,True,Center,74.1,60.6,7.1,5.52,StandingSave
2647636221.0,909,78,37,SecondHalf,Man City,167,331254,Phil Foden,Pass,Successful,74.1,60.6,83.1,66.3,True,Center,83.1,66.3,10.2,0.39,StandingSave
2647636227.0,910,78,38,SecondHalf,Man City,167,303139,Rodri,Pass,Unsuccessful,90.0,66.1,91.4,55.5,True,Center,91.4,55.5,7.4,4.91,StandingSave
2647636257.0,618,78,39,SecondHalf,Chelsea,15,300426,Axel Disasi,Clearance,Successful,10.0,44.5,31.3,30.6,True,Back,31.3,30.6,24.3,5.88,StandingSave
2647636281.0,911,78,42,SecondHalf,Man City,167,122945,Nathan Aké,Pass,Successful,71.7,76.0,79.1,87.6,True,Left,79.1,87.6,11.1,0.79,StandingSave
2647636475.0,912,78,44,SecondHalf,Man City,167,73084,Kevin De Bruyne,Pass,Successful,77.5,87.1,88.2,92.0,True,Left,88.2,92.0,11.7,0.29,StandingSave
2647636507.0,913,78,55,SecondHalf,Man City,167,388098,Jérémy Doku,Pass,Successful,89.9,83.9,79.5,83.9,True,Left,79.5,83.9,10.9,3.14,StandingSave
2647636519.0,914,78,56,SecondHalf,Man City,167,73084,Kevin De Bruyne,Pass,Successful,79.5,83.9,79.1,72.9,True,Center,79.1,72.9,7.5,4.66,StandingSave
2647636553.0,915,78,58,SecondHalf,Man City,167,303139,Rodri,Pass,Successful,79.1,72.9,88.9,83.4,True,Left,88.9,83.4,12.5,0.61,StandingSave
2647636633.0,916,79,0,SecondHalf,Man City,167,388098,Jérémy Doku,Pass,Successful,89.3,77.6,96.0,69.7,True,Center,96.0,69.7,8.9,5.63,StandingSave
2647636643.0,917,79,4,SecondHalf,Man City,167,73084,Kevin De Bruyne,Pass,Unsuccessful,96.0,73.4,90.9,77.6,True,Center,90.9,77.6,6.1,2.65,StandingSave
2647636663.0,619,79,4,SecondHalf,Chelsea,15,375621,Conor Gallagher,Interception,Successful,9.3,19.5,,,True,Back,,,,,StandingSave
2647636679.0,620,79,6,SecondHalf,Chelsea,15,375621,Conor Gallagher,CornerAwarded,Unsuccessful,9.2,21.0,,,False,Back,,,,,MissLeft; OppositeRelatedEvent=918
2647636673.0,918,79,6,SecondHalf,Man City,167,73084,Kevin De Bruyne,CornerAwarded,Successful,90.8,79.0,,,False,Left,,,,,MissLeft; OppositeRelatedEvent=620
2647636941.0,919,79,21,SecondHalf,Man City,167,73084,Kevin De Bruyne,Pass,Unsuccessful,99.5,99.5,94.9,48.6,True,Center,94.9,48.6,34.9,4.57,Cross; StandingSave; Longball; RightFoot; CornerTaken; Chipped
2647636949.0,621,79,23,SecondHalf,Chelsea,15,299272,Ben Chilwell,Aerial,Successful,4.6,53.4,,,False,Back,,,,,OppositeRelatedEvent=920; Defensive
2647636955.0,920,79,23,SecondHalf,Man City,167,315227,Erling Haaland,Aerial,Unsuccessful,95.4,46.6,,,False,Center,,,,,Offensive; OppositeRelatedEvent=621
2647636963.0,622,79,24,SecondHalf,Chelsea,15,299272,Ben Chilwell,Clearance,Successful,4.2,55.5,9.7,77.0,True,Back,9.7,77.0,15.7,1.19,Head
2647637055.0,921,79,30,SecondHalf,Man City,167,136741,Bernardo Silva,MissedShots,Successful,88.8,35.7,,,True,Center,,,,,IndividualPlay; BoxRight; StandingSave; GoalMouthZ=36.1; FromCorner; GoalMouthY=58.8; LeftFoot
2647637441.0,624,79,56,SecondHalf,Chelsea,15,406564,Djordje Petrovic,Pass,Unsuccessful,5.1,49.1,65.3,51.6,True,Center,65.3,51.6,63.2,0.03,Longball; GoalKick; MissHigh
2647638809.0,941,79,59,SecondHalf,Man City,167,69778,Kyle Walker,BallTouch,Successful,39.2,48.4,,,True,Back,,,,,
2647637457.0,923,80,0,SecondHalf,Man City,167,331254,Phil Foden,Pass,Successful,47.2,42.5,46.9,50.9,True,Back,46.9,50.9,5.7,1.63,OtherBodyPart; StandingSave
2647637471.0,924,80,1,SecondHalf,Man City,167,303139,Rodri,BallRecovery,Successful,47.1,52.1,,,False,,,,,,
2647637537.0,925,80,1,SecondHalf,Man City,167,303139,Rodri,Pass,Successful,47.1,52.1,47.2,28.3,True,Back,47.2,28.3,16.2,4.72,StandingSave
2647637567.0,926,80,6,SecondHalf,Man City,167,69778,Kyle Walker,Pass,Successful,61.6,20.2,64.5,26.2,True,Center,64.5,26.2,5.1,0.93,StandingSave
2647637631.0,927,80,8,SecondHalf,Man City,167,331254,Phil Foden,Pass,Successful,64.5,25.4,58.0,21.8,True,Center,58.0,21.8,7.3,3.49,StandingSave
2647637651.0,928,80,12,SecondHalf,Man City,167,69778,Kyle Walker,Pass,Successful,60.8,26.6,65.7,67.8,True,Center,65.7,67.8,28.5,1.39,Chipped; StandingSave
2647637831.0,929,80,15,SecondHalf,Man City,167,122945,Nathan Aké,Pass,Successful,71.5,65.1,79.1,94.9,True,Left,79.1,94.9,21.8,1.20,StandingSave
2647637883.0,930,80,24,SecondHalf,Man City,167,388098,Jérémy Doku,Pass,Successful,88.0,77.0,98.2,36.9,True,Center,98.2,36.9,29.3,5.09,RightFoot; Cross; Chipped; StandingSave
2647637895.0,931,80,26,SecondHalf,Man City,167,315227,Erling Haaland,Pass,Unsuccessful,98.2,36.9,96.6,40.3,True,Center,96.6,40.3,2.9,2.20,
2647637889.0,625,80,26,SecondHalf,Chelsea,15,299272,Ben Chilwell,BallTouch,Successful,1.2,63.6,,,True,Back,,,,,OtherBodyPart
2647638117.0,626,80,28,SecondHalf,Chelsea,15,421351,Levi Colwill,Clearance,Successful,4.6,71.7,70.5,73.9,True,Center,70.5,73.9,69.2,0.02,StandingSave
2647638107.0,932,80,35,SecondHalf,Man City,167,121774,Ederson,Pass,Successful,31.3,26.8,43.7,24.2,True,Back,43.7,24.2,13.1,6.15,StandingSave
2647748415.0,1141,80,37,SecondHalf,Man City,167,297390,Manuel Akanji,Pass,Successful,42.8,23.1,58.8,30.6,True,Center,58.8,30.6,17.6,0.29,StandingSave
2647638121.0,933,80,42,SecondHalf,Man City,167,303139,Rodri,Pass,Unsuccessful,56.5,27.3,73.3,34.2,True,Center,73.3,34.2,18.3,0.26,StandingSave
2647638143.0,627,80,43,SecondHalf,Chelsea,15,421351,Levi Colwill,Pass,Unsuccessful,24.1,68.7,41.2,69.7,True,Back,41.2,69.7,18.0,0.04,StandingSave; Longball
2647638187.0,934,80,46,SecondHalf,Man City,167,297390,Manuel Akanji,Pass,Successful,54.8,30.1,61.8,36.7,True,Center,61.8,36.7,8.6,0.55,HeadPass; StandingSave
2647638199.0,935,80,47,SecondHalf,Man City,167,303139,Rodri,Pass,Successful,61.8,36.7,59.2,23.4,True,Center,59.2,23.4,9.4,4.42,StandingSave
2647638241.0,936,80,48,SecondHalf,Man City,167,331254,Phil Foden,Pass,Successful,59.2,23.4,44.5,33.3,True,Back,44.5,33.3,16.8,2.73,StandingSave
2647638335.0,937,80,50,SecondHalf,Man City,167,297390,Manuel Akanji,Pass,Successful,45.0,35.9,57.5,67.0,True,Center,57.5,67.0,24.9,1.02,StandingSave
2647638415.0,938,80,55,SecondHalf,Man City,167,136741,Bernardo Silva,Pass,Successful,65.7,76.5,78.3,90.7,True,Left,78.3,90.7,16.4,0.63,StandingSave
2647638421.0,939,80,59,SecondHalf,Man City,167,388098,Jérémy Doku,Pass,Unsuccessful,87.3,82.9,87.1,77.8,True,Center,87.1,77.8,3.5,4.65,StandingSave; OppositeRelatedEvent=628; Offensive
2647638433.0,628,80,59,SecondHalf,Chelsea,15,403850,Malo Gusto,BlockedPass,Successful,12.5,23.0,,,True,Back,,,,,Defensive; StandingSave; OppositeRelatedEvent=939
2647638463.0,629,81,0,SecondHalf,Chelsea,15,403850,Malo Gusto,Clearance,Successful,8.7,22.4,10.2,0.0,True,Back,10.2,0.0,16.2,4.81,StandingSave
2647638871.0,631,81,28,SecondHalf,Chelsea,15,426050,Nicolas Jackson,SubstitutionOff,Successful,0.0,0.0,,,False,,,,,,PlayerPosition=Forward; JerseyNumber=15; RelatedEventId=632
2647638889.0,632,81,28,SecondHalf,Chelsea,15,433219,Cesare Casadei,SubstitutionOn,Successful,0.0,0.0,,,False,,,,,,JerseyNumber=31; FormationSlot=11; PlayerPosition=Midfielder; RelatedEventId=631
2647730277.0,723,81,33,SecondHalf,Chelsea,15,,,FormationChange,Successful,0.0,0.0,,,False,,,,,,"PlayerPosition=1, 2, 2, 2, 2, 2, 3, 3, 4, 4, 3, 5, 5, 5, 5, 5, 5; InvolvedPlayers=406564,403850,299272,421351,300426,353292,433219,410175,300945,375621,369430,409376,389935,135768,467969,463992,516952; TeamPlayerFormation=1, 2, 3, 4, 5, 6, 7, 8, 9, 10, 11, 0, 0, 0, 0, 0, 0; TeamFormation=10; JerseyNumber=28, 27, 21, 26, 2, 14, 31, 25, 18, 23, 8, 10, 11, 13, 42, 53, 79; CaptainPlayerId=299272"
2647639059.0,942,81,39,SecondHalf,Man City,167,122945,Nathan Aké,Pass,Successful,79.5,100.0,59.6,86.6,True,Left,59.6,86.6,23.4,3.61,Longball; ThrowIn
2647639087.0,943,81,42,SecondHalf,Man City,167,313171,Rúben Dias,Pass,Successful,59.2,77.0,56.5,51.4,True,Center,56.5,51.4,17.6,4.55,StandingSave
2647639137.0,944,81,45,SecondHalf,Man City,167,297390,Manuel Akanji,Pass,Successful,55.9,50.9,61.4,69.9,True,Center,61.4,69.9,14.2,1.15,StandingSave
2647639153.0,945,81,48,SecondHalf,Man City,167,313171,Rúben Dias,Pass,Successful,64.5,72.6,65.6,90.2,True,Left,65.6,90.2,12.0,1.47,StandingSave
2647639205.0,946,81,49,SecondHalf,Man City,167,122945,Nathan Aké,Pass,Successful,65.6,90.2,74.6,93.5,True,Left,74.6,93.5,9.7,0.23,StandingSave
2647639223.0,947,81,52,SecondHalf,Man City,167,388098,Jérémy Doku,Pass,Successful,74.8,93.5,64.4,86.3,True,Left,64.4,86.3,12.0,3.56,StandingSave
2647639249.0,948,81,54,SecondHalf,Man City,167,122945,Nathan Aké,Pass,Successful,66.2,89.1,69.1,77.1,True,Center,69.1,77.1,8.7,5.07,StandingSave
2647639279.0,949,81,55,SecondHalf,Man City,167,303139,Rodri,Pass,Successful,69.1,77.1,69.3,60.7,True,Center,69.3,60.7,11.2,4.73,StandingSave
2647639341.0,950,81,58,SecondHalf,Man City,167,73084,Kevin De Bruyne,Pass,Successful,74.9,60.1,89.0,67.8,True,Center,89.0,67.8,15.7,0.34,StandingSave
2647639393.0,951,82,0,SecondHalf,Man City,167,136741,Bernardo Silva,Pass,Successful,92.3,69.2,90.3,32.0,True,Center,90.3,32.0,25.4,4.63,StandingSave; IntentionalAssist; ShotAssist=15; Chipped; KeyPass
2647639397.0,952,82,4,SecondHalf,Man City,167,69778,Kyle Walker,SavedShot,Successful,90.3,32.0,,,True,Center,,,,,StandingSave; LowCentre; RegularPlay; BlockedY=41.9; IntentionalAssist; Volley; OppositeRelatedEvent=633; GoalMouthY=49.1; RightFoot; GoalMouthZ=19; Blocked; SixYardBlock; RelatedEventId=951; FirstTouch; BoxRight; BlockedX=95.9; Assisted
2647639423.0,633,82,4,SecondHalf,Chelsea,15,300426,Axel Disasi,Save,Successful,3.3,56.7,,,True,Back,,,,,OppositeRelatedEvent=952; StandingSave; OutfielderBlock
2647639469.0,953,82,6,SecondHalf,Man City,167,303139,Rodri,Goal,Successful,86.5,55.0,,,True,Center,,,,,FirstTouch; BoxCentre; StandingSave; HighLeft; GoalMouthZ=27.2; GoalMouthY=51.9; RegularPlay; LeftFoot
2647640367.0,634,82,59,SecondHalf,Chelsea,15,300945,Christopher Nkunku,Pass,Successful,50.0,49.9,32.6,49.1,True,Back,32.6,49.1,18.3,3.17,StandingSave
2647651485.0,11637,83,,SecondHalf,Chelsea,15,300945,Christopher Nkunku,OffsideGiven,Unsuccessful,62.9,43.4,,,False,,,,,,
2647640385.0,635,83,2,SecondHalf,Chelsea,15,300426,Axel Disasi,Pass,Unsuccessful,30.9,50.9,52.1,59.1,True,Center,52.1,59.1,22.9,0.25,Chipped; StandingSave
2647749117.0,1142,83,3,SecondHalf,Man City,167,303139,Rodri,Aerial,Successful,48.0,40.3,,,False,Back,,,,,Defensive; OppositeRelatedEvent=735
2647749119.0,735,83,3,SecondHalf,Chelsea,15,375621,Conor Gallagher,Aerial,Unsuccessful,52.0,59.7,,,False,Center,,,,,Offensive; OppositeRelatedEvent=1142
2647749271.0,1143,83,4,SecondHalf,Man City,167,303139,Rodri,Pass,Unsuccessful,48.0,40.3,87.3,51.6,True,Center,87.3,51.6,42.0,0.18,Longball; HeadPass
2647640421.0,636,83,8,SecondHalf,Chelsea,15,406564,Djordje Petrovic,KeeperPickup,Successful,13.0,48.2,,,False,,,,,,StandingSave
2647640485.0,637,83,15,SecondHalf,Chelsea,15,406564,Djordje Petrovic,OffsidePass,Successful,14.0,46.7,62.9,43.4,True,Center,62.9,43.4,,,PlayerCaughtOffside=300945; StandingSave; Longball
2647640493.0,954,83,15,SecondHalf,Man City,167,122945,Nathan Aké,OffsideProvoked,Successful,42.2,88.5,,,False,,,,,,
2647640627.0,955,83,27,SecondHalf,Man City,167,297390,Manuel Akanji,Pass,Successful,31.4,55.8,34.8,76.5,True,Back,34.8,76.5,14.5,1.32,FreekickTaken; IndirectFreekickTaken; StandingSave
2647640641.0,956,83,28,SecondHalf,Man City,167,122945,Nathan Aké,Pass,Successful,34.8,76.5,43.5,63.1,True,Back,43.5,63.1,12.9,5.50,StandingSave
2647640697.0,957,83,31,SecondHalf,Man City,167,303139,Rodri,Pass,Successful,43.4,64.0,46.3,18.1,True,Back,46.3,18.1,31.4,4.81,StandingSave; Chipped
2647640731.0,958,83,36,SecondHalf,Man City,167,69778,Kyle Walker,Pass,Successful,56.8,19.5,67.7,12.5,True,Right,67.7,12.5,12.4,5.89,StandingSave
2647640777.0,959,83,40,SecondHalf,Man City,167,331254,Phil Foden,Pass,Successful,73.5,16.3,80.7,9.3,True,Right,80.7,9.3,8.9,5.72,StandingSave
2647640795.0,960,83,42,SecondHalf,Man City,167,69778,Kyle Walker,Pass,Successful,80.3,9.5,71.9,18.0,True,Right,71.9,18.0,10.5,2.56,StandingSave
2647640841.0,961,83,45,SecondHalf,Man City,167,331254,Phil Foden,Pass,Successful,69.9,23.7,68.7,74.3,True,Center,68.7,74.3,34.4,1.61,StandingSave; Longball; Chipped
2647640941.0,962,83,49,SecondHalf,Man City,167,122945,Nathan Aké,Pass,Successful,67.6,78.5,75.9,93.9,True,Left,75.9,93.9,13.6,0.88,StandingSave
2647640971.0,963,83,53,SecondHalf,Man City,167,388098,Jérémy Doku,Pass,Successful,75.7,93.5,64.3,86.4,True,Left,64.3,86.4,12.9,3.52,StandingSave
2647640999.0,964,83,55,SecondHalf,Man City,167,122945,Nathan Aké,Pass,Successful,64.3,86.4,67.0,75.1,True,Center,67.0,75.1,8.2,5.07,StandingSave
2647641041.0,965,83,56,SecondHalf,Man City,167,303139,Rodri,Pass,Successful,68.0,75.0,50.9,60.1,True,Center,50.9,60.1,20.6,3.66,StandingSave
2647641063.0,966,83,59,SecondHalf,Man City,167,313171,Rúben Dias,Pass,Successful,50.2,59.0,51.7,42.8,True,Center,51.7,42.8,11.1,4.85,StandingSave
2647641079.0,967,84,1,SecondHalf,Man City,167,297390,Manuel Akanji,Pass,Successful,51.7,42.8,57.0,45.5,True,Center,57.0,45.5,5.9,0.32,StandingSave
2647641125.0,968,84,3,SecondHalf,Man City,167,331254,Phil Foden,Pass,Successful,57.0,45.5,57.4,78.2,True,Center,57.4,78.2,22.2,1.55,StandingSave
2647641149.0,969,84,6,SecondHalf,Man City,167,122945,Nathan Aké,Pass,Successful,57.4,78.2,60.8,65.1,True,Center,60.8,65.1,9.6,5.09,StandingSave
2647641191.0,970,84,8,SecondHalf,Man City,167,303139,Rodri,Pass,Successful,61.6,66.3,70.0,66.7,True,Center,70.0,66.7,8.8,0.03,StandingSave
2647641199.0,971,84,9,SecondHalf,Man City,167,136741,Bernardo Silva,BallTouch,Unsuccessful,69.1,69.2,,,True,Center,,,,,StandingSave
2647641215.0,638,84,11,SecondHalf,Chelsea,15,410175,Moisés Caicedo,Foul,Successful,31.2,28.8,,,True,Back,,,,,Defensive; Foul; OppositeRelatedEvent=972
2647641219.0,972,84,11,SecondHalf,Man City,167,136741,Bernardo Silva,Foul,Unsuccessful,68.8,71.2,,,False,Center,,,,,RelatedEventId=973; StandingSave; Offensive; Foul; OppositeRelatedEvent=638
2647641275.0,973,84,15,SecondHalf,Man City,167,136741,Bernardo Silva,Card,Successful,0.0,0.0,,,False,,,,,,RelatedEventId=972; Foul=243; Yellow
2647641785.0,639,84,42,SecondHalf,Chelsea,15,300426,Axel Disasi,Pass,Unsuccessful,38.6,28.2,74.8,12.3,True,Right,74.8,12.3,39.5,6.01,Chipped; FreekickTaken; Longball; StandingSave
2647641807.0,974,84,45,SecondHalf,Man City,167,122945,Nathan Aké,Pass,Successful,23.5,86.9,30.1,87.3,True,Back,30.1,87.3,6.9,0.04,HeadPass
2647641809.0,975,84,46,SecondHalf,Man City,167,303139,Rodri,BallRecovery,Successful,30.1,87.3,,,False,,,,,,
2647641815.0,976,84,46,SecondHalf,Man City,167,303139,Rodri,Pass,Successful,30.1,87.3,22.2,81.0,True,Back,22.2,81.0,9.3,3.62,StandingSave
2647641847.0,977,84,47,SecondHalf,Man City,167,313171,Rúben Dias,Pass,Successful,22.2,81.0,15.2,89.1,True,Back,15.2,89.1,9.2,2.50,StandingSave
2647641849.0,978,84,49,SecondHalf,Man City,167,122945,Nathan Aké,Pass,Unsuccessful,15.2,89.1,19.3,89.3,True,Back,19.3,89.3,4.3,0.03,StandingSave; OppositeRelatedEvent=640; Offensive
2647641855.0,640,84,49,SecondHalf,Chelsea,15,375621,Conor Gallagher,BlockedPass,Successful,85.2,4.9,,,True,Right,,,,,StandingSave; Defensive; OppositeRelatedEvent=978
2647641917.0,979,84,53,SecondHalf,Man City,167,122945,Nathan Aké,Pass,Successful,10.9,86.6,15.0,89.5,True,Back,15.0,89.5,4.7,0.43,StandingSave; HeadPass
2647641921.0,980,84,54,SecondHalf,Man City,167,303139,Rodri,Dispossessed,Successful,12.8,89.9,,,True,Back,,,,,Defensive; OppositeRelatedEvent=641
2647641941.0,641,84,54,SecondHalf,Chelsea,15,375621,Conor Gallagher,Tackle,Unsuccessful,87.2,10.1,,,True,Right,,,,,Offensive; StandingSave; OppositeRelatedEvent=980
2647641929.0,981,84,54,SecondHalf,Man City,167,303139,Rodri,BallTouch,Successful,15.0,89.5,,,True,Back,,,,,StandingSave
2647641949.0,642,84,55,SecondHalf,Chelsea,15,375621,Conor Gallagher,BallRecovery,Successful,85.1,9.4,,,False,,,,,,
2647641967.0,643,84,56,SecondHalf,Chelsea,15,375621,Conor Gallagher,Pass,Successful,85.1,9.4,75.2,3.1,True,Right,75.2,3.1,11.2,3.53,StandingSave
2647641985.0,644,84,57,SecondHalf,Chelsea,15,403850,Malo Gusto,Pass,Successful,75.2,3.1,75.1,25.9,True,Center,75.1,25.9,15.5,1.58,StandingSave
2647653153.0,11646,85,,SecondHalf,Chelsea,15,403850,Malo Gusto,OffsideGiven,Unsuccessful,69.4,4.9,,,False,,,,,,
2647642111.0,645,85,0,SecondHalf,Chelsea,15,375621,Conor Gallagher,Pass,Successful,75.7,29.7,41.3,61.2,True,Back,41.3,61.2,42.0,2.61,StandingSave; Longball
2647642153.0,646,85,7,SecondHalf,Chelsea,15,421351,Levi Colwill,OffsidePass,Successful,45.1,67.8,69.4,4.9,True,Right,69.4,4.9,,,StandingSave; PlayerCaughtOffside=403850; Longball
2647642185.0,982,85,7,SecondHalf,Man City,167,122945,Nathan Aké,OffsideProvoked,Successful,28.2,83.9,,,False,,,,,,
2647642419.0,984,85,16,SecondHalf,Man City,167,122945,Nathan Aké,Pass,Successful,29.6,91.2,20.2,80.1,True,Back,20.2,80.1,12.4,3.79,IndirectFreekickTaken; StandingSave; FreekickTaken
2647653429.0,1118,85,20,SecondHalf,Man City,167,121774,Ederson,Pass,Successful,17.4,74.6,31.5,8.0,True,Back,31.5,8.0,47.6,5.03,Longball; StandingSave; Chipped
2647642489.0,986,85,28,SecondHalf,Man City,167,69778,Kyle Walker,Pass,Successful,57.0,5.6,61.0,2.6,True,Right,61.0,2.6,4.7,5.83,StandingSave
2647642527.0,987,85,32,SecondHalf,Man City,167,73084,Kevin De Bruyne,Pass,Successful,59.9,3.6,60.4,24.4,True,Center,60.4,24.4,14.2,1.53,StandingSave
2647642559.0,988,85,34,SecondHalf,Man City,167,331254,Phil Foden,Pass,Successful,61.1,30.6,62.9,59.0,True,Center,62.9,59.0,19.4,1.47,StandingSave
2647642601.0,989,85,37,SecondHalf,Man City,167,303139,Rodri,Pass,Successful,63.1,62.4,75.4,90.8,True,Left,75.4,90.8,23.2,0.98,StandingSave
2647642607.0,990,85,39,SecondHalf,Man City,167,388098,Jérémy Doku,TakeOn,Unsuccessful,79.5,88.5,,,True,Left,,,,,StandingSave; Offensive; OppositeRelatedEvent=647
2647642629.0,647,85,40,SecondHalf,Chelsea,15,403850,Malo Gusto,Tackle,Successful,20.5,11.5,,,True,Back,,,,,OppositeRelatedEvent=990; Defensive
2647642633.0,648,85,42,SecondHalf,Chelsea,15,403850,Malo Gusto,BallRecovery,Successful,24.2,12.0,,,False,,,,,,
2647642715.0,649,85,47,SecondHalf,Chelsea,15,403850,Malo Gusto,Dispossessed,Successful,36.2,4.4,,,True,Back,,,,,Offensive; OppositeRelatedEvent=991
2647642763.0,991,85,47,SecondHalf,Man City,167,388098,Jérémy Doku,Tackle,Successful,63.8,95.6,,,True,Left,,,,,StandingSave; Defensive; OppositeRelatedEvent=649
2647642813.0,993,85,48,SecondHalf,Man City,167,122945,Nathan Aké,BallRecovery,Successful,59.1,91.0,,,False,,,,,,
2647642821.0,994,85,48,SecondHalf,Man City,167,122945,Nathan Aké,Pass,Successful,59.1,91.0,66.0,86.1,True,Left,66.0,86.1,8.0,5.85,StandingSave
2647642827.0,995,85,49,SecondHalf,Man City,167,136741,Bernardo Silva,Pass,Successful,66.0,86.1,58.5,76.1,True,Center,58.5,76.1,10.4,3.85,StandingSave
2647642889.0,996,85,50,SecondHalf,Man City,167,303139,Rodri,Pass,Successful,58.5,76.1,52.4,60.2,True,Center,52.4,60.2,12.6,4.18,StandingSave
2647642911.0,997,85,54,SecondHalf,Man City,167,297390,Manuel Akanji,Pass,Unsuccessful,57.2,54.5,75.5,64.5,True,Center,75.5,64.5,20.4,0.34,StandingSave; Chipped
2647642919.0,650,85,56,SecondHalf,Chelsea,15,410175,Moisés Caicedo,BallRecovery,Successful,26.7,34.3,,,False,,,,,,
2647642973.0,651,85,56,SecondHalf,Chelsea,15,410175,Moisés Caicedo,Pass,Successful,24.3,35.1,7.6,43.4,True,Back,7.6,43.4,18.4,2.83,
2647643013.0,652,85,59,SecondHalf,Chelsea,15,406564,Djordje Petrovic,Pass,Unsuccessful,7.9,42.8,43.3,15.9,True,Back,43.3,15.9,41.4,5.83,StandingSave; Longball
2647643053.0,998,86,3,SecondHalf,Man City,167,122945,Nathan Aké,BallRecovery,Successful,56.7,85.6,,,False,,,,,,
2647643117.0,999,86,5,SecondHalf,Man City,167,122945,Nathan Aké,Pass,Successful,55.1,86.4,43.4,73.8,True,Back,43.4,73.8,15.0,3.75,StandingSave
2647643147.0,1000,86,9,SecondHalf,Man City,167,313171,Rúben Dias,Pass,Successful,47.5,72.2,61.7,85.1,True,Left,61.7,85.1,17.3,0.53,StandingSave
2647643169.0,1001,86,11,SecondHalf,Man City,167,122945,Nathan Aké,Pass,Successful,61.9,89.0,68.4,95.7,True,Left,68.4,95.7,8.2,0.59,StandingSave
2647643197.0,1002,86,12,SecondHalf,Man City,167,388098,Jérémy Doku,Pass,Successful,67.8,95.4,57.3,88.6,True,Left,57.3,88.6,12.0,3.54,StandingSave
2647643215.0,1003,86,14,SecondHalf,Man City,167,122945,Nathan Aké,Pass,Successful,57.0,89.3,58.4,80.0,True,Left,58.4,80.0,6.5,4.94,StandingSave
2647643255.0,1004,86,15,SecondHalf,Man City,167,303139,Rodri,Pass,Successful,58.4,80.0,43.8,70.2,True,Back,43.8,70.2,16.7,3.55,StandingSave
2647643341.0,1005,86,18,SecondHalf,Man City,167,313171,Rúben Dias,Pass,Successful,44.2,64.8,47.5,35.2,True,Back,47.5,35.2,20.4,4.88,StandingSave
2647643413.0,1006,86,24,SecondHalf,Man City,167,297390,Manuel Akanji,Pass,Successful,67.3,29.6,69.5,17.3,True,Right,69.5,17.3,8.7,4.98,StandingSave
2647643459.0,1007,86,27,SecondHalf,Man City,167,331254,Phil Foden,Pass,Successful,69.5,19.6,63.3,33.3,True,Center,63.3,33.3,11.4,2.18,StandingSave
2647643491.0,1008,86,30,SecondHalf,Man City,167,313171,Rúben Dias,Pass,Successful,63.3,33.3,64.5,49.9,True,Center,64.5,49.9,11.4,1.46,StandingSave
2647643533.0,1009,86,32,SecondHalf,Man City,167,303139,Rodri,Pass,Successful,64.5,49.9,77.1,20.0,True,Right,77.1,20.0,24.3,5.29,StandingSave
2647643621.0,1010,86,35,SecondHalf,Man City,167,73084,Kevin De Bruyne,Pass,Successful,80.2,18.5,93.9,87.3,True,Left,93.9,87.3,48.9,1.27,Cross; StandingSave; Chipped; Longball; RightFoot
2647643661.0,1011,86,42,SecondHalf,Man City,167,388098,Jérémy Doku,Pass,Successful,94.5,77.1,84.1,73.3,True,Center,84.1,73.3,11.2,3.37,StandingSave
2647643679.0,1012,86,44,SecondHalf,Man City,167,303139,Rodri,Pass,Unsuccessful,82.8,72.9,93.2,48.9,True,Center,93.2,48.9,19.6,5.30,RightFoot; Chipped; Cross; StandingSave
2647643689.0,653,86,45,SecondHalf,Chelsea,15,369430,Enzo Fernández,Clearance,Successful,7.6,53.9,11.1,48.1,True,Back,11.1,48.1,5.4,5.46,Head
2647643715.0,654,86,47,SecondHalf,Chelsea,15,300426,Axel Disasi,Aerial,Successful,8.2,48.8,,,False,Back,,,,,OppositeRelatedEvent=1013; Defensive
2647643705.0,1013,86,47,SecondHalf,Man City,167,136741,Bernardo Silva,Aerial,Unsuccessful,91.8,51.2,,,False,Center,,,,,OppositeRelatedEvent=654; Offensive
2647643735.0,655,86,47,SecondHalf,Chelsea,15,300426,Axel Disasi,Clearance,Successful,6.9,47.6,16.0,50.9,True,Back,16.0,50.9,9.8,0.23,Head
2647643811.0,656,86,48,SecondHalf,Chelsea,15,300945,Christopher Nkunku,Clearance,Successful,15.5,51.0,46.8,53.6,True,Back,46.8,53.6,32.9,0.05,StandingSave
2647643849.0,1014,86,55,SecondHalf,Man City,167,297390,Manuel Akanji,Pass,Successful,52.7,45.5,62.4,40.6,True,Center,62.4,40.6,10.7,5.97,StandingSave
2647643897.0,1015,86,56,SecondHalf,Man City,167,313171,Rúben Dias,Pass,Successful,62.4,40.6,58.5,20.8,True,Right,58.5,20.8,14.1,4.42,StandingSave
2647643953.0,1016,86,59,SecondHalf,Man City,167,73084,Kevin De Bruyne,Pass,Successful,54.2,26.2,54.5,53.1,True,Center,54.5,53.1,18.3,1.55,StandingSave
2647655605.0,11663,87,,SecondHalf,Chelsea,15,299272,Ben Chilwell,OffsideGiven,Unsuccessful,78.7,98.1,,,False,,,,,,
2647644037.0,1017,87,3,SecondHalf,Man City,167,313171,Rúben Dias,Pass,Successful,64.4,56.2,76.1,95.4,True,Left,76.1,95.4,29.4,1.14,StandingSave
2647644047.0,1018,87,8,SecondHalf,Man City,167,388098,Jérémy Doku,TakeOn,Unsuccessful,86.9,83.8,,,True,Left,,,,,Offensive; OppositeRelatedEvent=657; StandingSave
2647644059.0,657,87,8,SecondHalf,Chelsea,15,403850,Malo Gusto,Tackle,Unsuccessful,13.1,16.2,,,True,Back,,,,,Defensive; StandingSave; OppositeRelatedEvent=1018
2647644155.0,1019,87,14,SecondHalf,Man City,167,388098,Jérémy Doku,Dispossessed,Successful,95.0,87.4,,,True,Left,,,,,Offensive; OppositeRelatedEvent=658
2647644163.0,658,87,14,SecondHalf,Chelsea,15,433219,Cesare Casadei,Tackle,Unsuccessful,5.0,12.6,,,True,Back,,,,,StandingSave; Defensive; OppositeRelatedEvent=1019
2647644245.0,1020,87,16,SecondHalf,Man City,167,388098,Jérémy Doku,Pass,Successful,94.7,90.2,91.6,94.7,True,Left,91.6,94.7,4.5,2.39,StandingSave
2647644275.0,1021,87,20,SecondHalf,Man City,167,136741,Bernardo Silva,Pass,Successful,83.3,86.6,74.5,93.0,True,Left,74.5,93.0,10.2,2.70,StandingSave
2647644323.0,1022,87,21,SecondHalf,Man City,167,122945,Nathan Aké,Pass,Successful,74.5,93.0,82.5,94.1,True,Left,82.5,94.1,8.4,0.09,StandingSave
2647644363.0,1023,87,25,SecondHalf,Man City,167,388098,Jérémy Doku,Pass,Unsuccessful,79.8,94.7,71.3,69.5,True,Center,71.3,69.5,19.3,4.23,StandingSave
2647644381.0,659,87,27,SecondHalf,Chelsea,15,375621,Conor Gallagher,BallRecovery,Successful,30.8,28.2,,,False,,,,,,
2647644433.0,660,87,31,SecondHalf,Chelsea,15,375621,Conor Gallagher,BallTouch,Successful,37.8,43.1,,,True,Back,,,,,StandingSave
2647644521.0,661,87,35,SecondHalf,Chelsea,15,369430,Enzo Fernández,Pass,Successful,45.9,64.9,54.1,92.9,True,Left,54.1,92.9,20.9,1.15,StandingSave
2647644557.0,662,87,37,SecondHalf,Chelsea,15,299272,Ben Chilwell,Pass,Successful,54.0,92.7,45.9,85.0,True,Back,45.9,85.0,10.0,3.69,StandingSave
2647644605.0,663,87,40,SecondHalf,Chelsea,15,369430,Enzo Fernández,OffsidePass,Successful,56.6,95.7,78.7,98.1,True,Left,78.7,98.1,,,PlayerCaughtOffside=299272; StandingSave
2647644581.0,1025,87,40,SecondHalf,Man City,167,297390,Manuel Akanji,OffsideProvoked,Successful,34.6,13.9,,,False,,,,,,
2647644737.0,1026,87,50,SecondHalf,Man City,167,69778,Kyle Walker,Pass,Successful,29.8,5.9,27.2,17.4,True,Back,27.2,17.4,8.3,1.91,FreekickTaken; StandingSave; IndirectFreekickTaken
2647644775.0,1027,87,53,SecondHalf,Man City,167,297390,Manuel Akanji,Pass,Successful,32.9,20.5,42.0,33.2,True,Back,42.0,33.2,12.9,0.73,StandingSave
2647644859.0,1028,87,56,SecondHalf,Man City,167,331254,Phil Foden,Pass,Successful,41.6,35.5,45.3,85.1,True,Back,45.3,85.1,34.0,1.46,Longball; StandingSave
2647644875.0,1029,88,2,SecondHalf,Man City,167,122945,Nathan Aké,Pass,Successful,51.3,89.1,43.0,72.9,True,Back,43.0,72.9,14.0,4.04,StandingSave
2647644931.0,1030,88,4,SecondHalf,Man City,167,313171,Rúben Dias,Pass,Successful,43.0,72.9,45.0,51.4,True,Back,45.0,51.4,14.8,4.86,StandingSave
2647645011.0,1031,88,7,SecondHalf,Man City,167,303139,Rodri,Pass,Successful,46.8,47.2,65.9,20.3,True,Right,65.9,20.3,27.1,5.54,StandingSave
2647645085.0,1032,88,12,SecondHalf,Man City,167,73084,Kevin De Bruyne,Pass,Unsuccessful,80.8,24.2,94.7,100.0,True,Left,94.7,100.0,54.9,1.30,StandingSave; Longball; RightFoot; Cross; Chipped
2647645327.0,666,88,34,SecondHalf,Chelsea,15,403850,Malo Gusto,Pass,Successful,13.1,0.0,22.0,8.6,True,Back,22.0,8.6,11.5,0.62,ThrowIn
2647645345.0,667,88,36,SecondHalf,Chelsea,15,410175,Moisés Caicedo,Pass,Successful,21.9,9.1,9.1,9.4,True,Back,9.1,9.4,13.4,3.13,StandingSave
2647645399.0,668,88,37,SecondHalf,Chelsea,15,353292,Trevoh Chalobah,Pass,Unsuccessful,9.1,9.4,45.0,60.0,True,Back,45.0,60.0,51.0,0.74,StandingSave; Longball
2647645413.0,1035,88,41,SecondHalf,Man City,167,69778,Kyle Walker,BallRecovery,Successful,58.6,25.1,,,False,,,,,,
2647645489.0,1036,88,48,SecondHalf,Man City,167,69778,Kyle Walker,Pass,Successful,74.3,4.1,69.0,16.1,True,Right,69.0,16.1,9.9,2.17,StandingSave
2647645511.0,1037,88,49,SecondHalf,Man City,167,331254,Phil Foden,Pass,Successful,67.7,16.9,67.3,31.7,True,Center,67.3,31.7,10.1,1.61,StandingSave
2647645525.0,1038,88,53,SecondHalf,Man City,167,303139,Rodri,Pass,Successful,71.6,27.6,67.8,18.5,True,Right,67.8,18.5,7.4,4.14,StandingSave
2647645543.0,1039,88,55,SecondHalf,Man City,167,331254,Phil Foden,Pass,Successful,69.3,22.4,69.1,53.0,True,Center,69.1,53.0,20.8,1.58,StandingSave
2647645603.0,1040,88,57,SecondHalf,Man City,167,313171,Rúben Dias,Pass,Successful,70.3,56.0,82.4,90.5,True,Left,82.4,90.5,26.7,1.07,StandingSave
2647645631.0,1041,89,1,SecondHalf,Man City,167,388098,Jérémy Doku,Pass,Successful,86.0,85.8,76.5,73.1,True,Center,76.5,73.1,13.2,3.86,StandingSave
2647645679.0,1042,89,3,SecondHalf,Man City,167,122945,Nathan Aké,Pass,Successful,76.6,73.8,83.5,86.3,True,Left,83.5,86.3,11.2,0.86,StandingSave
2647645721.0,1043,89,9,SecondHalf,Man City,167,388098,Jérémy Doku,Pass,Successful,87.0,81.4,74.4,49.7,True,Center,74.4,49.7,25.3,4.16,StandingSave
2647645759.0,1044,89,12,SecondHalf,Man City,167,73084,Kevin De Bruyne,Pass,Successful,74.1,47.0,80.3,24.5,True,Center,80.3,24.5,16.6,5.11,StandingSave
2647645779.0,1045,89,15,SecondHalf,Man City,167,297390,Manuel Akanji,Pass,Successful,80.4,26.2,77.7,61.4,True,Center,77.7,61.4,24.1,1.69,StandingSave
2647645809.0,1046,89,17,SecondHalf,Man City,167,122945,Nathan Aké,Pass,Successful,77.7,61.4,86.7,80.4,True,Left,86.7,80.4,16.0,0.94,StandingSave
2647645839.0,1047,89,20,SecondHalf,Man City,167,388098,Jérémy Doku,Pass,Unsuccessful,86.7,75.8,96.2,48.6,True,Center,96.2,48.6,21.0,5.21,Chipped; Cross; StandingSave; RightFoot
2647645857.0,669,89,21,SecondHalf,Chelsea,15,300426,Axel Disasi,Clearance,Successful,4.4,49.4,0.0,34.9,True,Back,0.0,34.9,11.5,4.17,Head
2647645863.0,670,89,22,SecondHalf,Chelsea,15,300426,Axel Disasi,CornerAwarded,Unsuccessful,1.3,43.2,,,False,Back,,,,,MissLeft; OppositeRelatedEvent=1048
2647645859.0,1048,89,22,SecondHalf,Man City,167,388098,Jérémy Doku,CornerAwarded,Successful,98.7,56.8,,,False,Center,,,,,OppositeRelatedEvent=670; MissLeft
2647646217.0,1049,89,45,SecondHalf,Man City,167,73084,Kevin De Bruyne,Pass,Successful,99.5,99.5,93.0,44.3,True,Center,93.0,44.3,38.2,4.53,RightFoot; ShotAssist=15; Cross; CornerTaken; IntentionalAssist; Chipped; StandingSave; Longball; KeyPass
2647646227.0,1050,89,48,SecondHalf,Man City,167,315227,Erling Haaland,Aerial,Successful,93.6,44.9,,,False,Center,,,,,Offensive; OppositeRelatedEvent=671
2647646205.0,671,89,48,SecondHalf,Chelsea,15,299272,Ben Chilwell,Aerial,Unsuccessful,6.4,55.1,,,False,Back,,,,,OppositeRelatedEvent=1050; Defensive
2647646237.0,1051,89,48,SecondHalf,Man City,167,315227,Erling Haaland,SavedShot,Successful,93.0,44.3,,,True,Center,,,,,GoalMouthZ=24.7; BlockedY=48.7; HighCentre; FromCorner; IntentionalAssist; GoalMouthY=49.7; RelatedEventId=1049; Assisted; Head; BoxCentre; FirstTouch; BlockedX=99.5; OppositeRelatedEvent=672
2647646241.0,672,89,49,SecondHalf,Chelsea,15,406564,Djordje Petrovic,Save,Successful,2.1,48.4,,,True,Back,,,,,StandingSave; OppositeRelatedEvent=1051; Hands; KeeperSaveInTheBox
2647646273.0,673,89,49,SecondHalf,Chelsea,15,406564,Djordje Petrovic,KeeperPickup,Successful,2.1,48.4,,,False,,,,,,StandingSave
2647646479.0,674,90,3,SecondHalf,Chelsea,15,406564,Djordje Petrovic,Pass,Successful,14.4,45.2,63.4,38.5,True,Center,63.4,38.5,51.7,6.19,Longball
2647646485.0,675,90,7,SecondHalf,Chelsea,15,433219,Cesare Casadei,Aerial,Successful,61.8,37.0,,,False,Center,,,,,Offensive; OppositeRelatedEvent=1053
2647646473.0,1053,90,7,SecondHalf,Man City,167,313171,Rúben Dias,Aerial,Unsuccessful,38.2,63.0,,,False,Back,,,,,OppositeRelatedEvent=675; Defensive
2647646505.0,676,90,8,SecondHalf,Chelsea,15,433219,Cesare Casadei,Pass,Unsuccessful,63.4,38.5,69.2,41.5,True,Center,69.2,41.5,6.4,0.32,HeadPass
2647646515.0,1054,90,9,SecondHalf,Man City,167,69778,Kyle Walker,Pass,Unsuccessful,33.8,61.6,39.2,71.6,True,Back,39.2,71.6,8.9,0.88,HeadPass
2647646627.0,677,90,14,SecondHalf,Chelsea,15,375621,Conor Gallagher,Pass,Successful,65.3,18.3,67.1,4.4,True,Right,67.1,4.4,9.6,4.91,StandingSave
2647646699.0,678,90,16,SecondHalf,Chelsea,15,403850,Malo Gusto,Pass,Successful,65.3,4.6,64.1,25.2,True,Center,64.1,25.2,14.1,1.66,StandingSave
2647646747.0,679,90,18,SecondHalf,Chelsea,15,410175,Moisés Caicedo,Pass,Successful,65.1,24.1,75.9,7.4,True,Right,75.9,7.4,16.0,5.50,StandingSave
2647646795.0,680,90,23,SecondHalf,Chelsea,15,403850,Malo Gusto,Pass,Successful,79.5,8.5,92.6,69.7,True,Center,92.6,69.7,43.8,1.25,Cross; StandingSave; Longball; RightFoot; Chipped
2647646835.0,681,90,26,SecondHalf,Chelsea,15,433219,Cesare Casadei,Pass,Successful,92.6,69.7,89.4,51.0,True,Center,89.4,51.0,13.2,4.45,ShotAssist=15; HeadPass; IntentionalAssist; KeyPass
2647646845.0,682,90,27,SecondHalf,Chelsea,15,300945,Christopher Nkunku,SavedShot,Successful,89.4,50.9,,,True,Center,,,,,Volley; BlockedX=98.6; RegularPlay; LowCentre; IntentionalAssist; Assisted; StandingSave; RightFoot; BlockedY=49.1; RelatedEventId=681; GoalMouthZ=15.2; BoxCentre; GoalMouthY=48.7; FirstTouch; OppositeRelatedEvent=1055
2647646853.0,1055,90,28,SecondHalf,Man City,167,121774,Ederson,Save,Successful,2.5,51.3,,,True,Back,,,,,Hands; StandingSave; OppositeRelatedEvent=682; Collected; KeeperSaveInTheBox
2647646869.0,1056,90,29,SecondHalf,Man City,167,121774,Ederson,KeeperPickup,Successful,2.5,51.3,,,False,,,,,,StandingSave
2647646993.0,1057,90,33,SecondHalf,Man City,167,121774,Ederson,Pass,Successful,13.7,52.1,21.2,72.1,True,Back,21.2,72.1,15.7,1.05,StandingSave; KeeperThrow
2647647021.0,1058,90,39,SecondHalf,Man City,167,122945,Nathan Aké,Pass,Successful,36.4,76.1,44.9,87.8,True,Back,44.9,87.8,12.0,0.73,StandingSave
2647647081.0,1059,90,42,SecondHalf,Man City,167,136741,Bernardo Silva,Pass,Successful,44.8,85.4,39.7,23.4,True,Back,39.7,23.4,42.5,4.59,StandingSave; Longball; Chipped
2647647155.0,1060,90,46,SecondHalf,Man City,167,69778,Kyle Walker,Pass,Successful,39.7,23.4,59.8,10.2,True,Right,59.8,10.2,22.9,5.88,StandingSave
2647647191.0,1061,90,49,SecondHalf,Man City,167,73084,Kevin De Bruyne,Pass,Unsuccessful,63.0,12.0,96.5,42.1,True,Center,96.5,42.1,40.7,0.53,Chipped; Longball; StandingSave
2647647203.0,683,90,52,SecondHalf,Chelsea,15,406564,Djordje Petrovic,KeeperPickup,Successful,2.8,56.0,,,False,,,,,,StandingSave
2647647325.0,684,90,57,SecondHalf,Chelsea,15,406564,Djordje Petrovic,Pass,Successful,9.2,59.7,24.5,93.9,True,Back,24.5,93.9,28.3,0.97,KeeperThrow; StandingSave
2647647377.0,685,91,1,SecondHalf,Chelsea,15,299272,Ben Chilwell,Pass,Unsuccessful,26.2,96.8,61.1,96.3,True,Left,61.1,96.3,36.6,6.27,Longball; StandingSave
2647647393.0,1062,91,3,SecondHalf,Man City,167,297390,Manuel Akanji,BallRecovery,Successful,37.7,7.1,,,False,,,,,,
2647647445.0,1063,91,5,SecondHalf,Man City,167,297390,Manuel Akanji,Pass,Successful,37.0,7.8,41.0,33.3,True,Back,41.0,33.3,17.8,1.33,StandingSave
2647647473.0,1064,91,9,SecondHalf,Man City,167,313171,Rúben Dias,Pass,Successful,45.9,35.2,62.7,12.0,True,Right,62.7,12.0,23.7,5.55,StandingSave
2647647497.0,1065,91,12,SecondHalf,Man City,167,69778,Kyle Walker,Pass,Successful,63.2,11.9,70.9,5.3,True,Right,70.9,5.3,9.2,5.78,StandingSave
2647647535.0,1066,91,14,SecondHalf,Man City,167,73084,Kevin De Bruyne,Pass,Successful,72.2,5.8,75.1,24.2,True,Center,75.1,24.2,12.9,1.33,StandingSave
2647647565.0,1067,91,17,SecondHalf,Man City,167,331254,Phil Foden,Pass,Successful,82.1,28.3,93.3,22.9,True,Center,93.3,22.9,12.3,5.98,StandingSave
2647647597.0,1068,91,19,SecondHalf,Man City,167,73084,Kevin De Bruyne,Pass,Successful,93.3,22.9,97.3,63.3,True,Center,97.3,63.3,27.8,1.42,Cross; StandingSave; Chipped; RightFoot
2647647601.0,1069,91,21,SecondHalf,Man City,167,388098,Jérémy Doku,Aerial,Successful,97.4,64.5,,,False,Center,,,,,Offensive; OppositeRelatedEvent=686
2647647599.0,686,91,21,SecondHalf,Chelsea,15,403850,Malo Gusto,Aerial,Unsuccessful,2.6,35.5,,,False,Back,,,,,OppositeRelatedEvent=1069; Defensive
2647647613.0,1070,91,21,SecondHalf,Man City,167,388098,Jérémy Doku,Pass,Unsuccessful,97.3,63.3,92.0,58.7,True,Center,92.0,58.7,6.4,3.65,HeadPass
2647647673.0,687,91,23,SecondHalf,Chelsea,15,433219,Cesare Casadei,Clearance,Successful,9.8,38.0,28.8,5.8,True,Back,28.8,5.8,29.6,5.45,StandingSave
2647647685.0,1071,91,28,SecondHalf,Man City,167,122945,Nathan Aké,Foul,Successful,71.4,92.5,,,True,Left,,,,,Offensive; AerialFoul; Foul; OppositeRelatedEvent=688
2647647677.0,688,91,28,SecondHalf,Chelsea,15,433219,Cesare Casadei,Foul,Unsuccessful,28.6,7.5,,,False,Back,,,,,Foul; AerialFoul; Defensive; OppositeRelatedEvent=1071
2647647985.0,1072,91,46,SecondHalf,Man City,167,313171,Rúben Dias,Pass,Successful,68.7,90.5,65.4,74.3,True,Center,65.4,74.3,11.5,4.41,StandingSave; FreekickTaken
2647648025.0,1073,91,50,SecondHalf,Man City,167,303139,Rodri,Pass,Successful,66.7,68.3,64.1,39.8,True,Center,64.1,39.8,19.6,4.57,StandingSave
2647648067.0,1074,91,53,SecondHalf,Man City,167,297390,Manuel Akanji,Pass,Successful,67.8,38.2,73.0,19.6,True,Right,73.0,19.6,13.8,5.12,StandingSave
2647648085.0,1075,91,57,SecondHalf,Man City,167,73084,Kevin De Bruyne,Pass,Unsuccessful,77.7,20.5,84.4,26.7,True,Center,84.4,26.7,8.2,0.54,Chipped; StandingSave; Cross; RightFoot
2647648089.0,689,91,58,SecondHalf,Chelsea,15,369430,Enzo Fernández,Interception,Successful,17.7,74.1,,,True,Back,,,,,StandingSave
2647648143.0,1076,92,1,SecondHalf,Man City,167,73084,Kevin De Bruyne,Pass,Successful,72.8,23.7,68.6,44.5,True,Center,68.6,44.5,14.8,1.87,ShotAssist=13; StandingSave; KeyPass
2647648151.0,1077,92,3,SecondHalf,Man City,167,69778,Kyle Walker,MissedShots,Successful,71.2,45.0,,,True,Center,,,,,RightFoot; GoalMouthY=45.5; RegularPlay; StandingSave; Assisted; MissHigh; GoalMouthZ=73.6; OutOfBoxCentre; IndividualPlay; RelatedEventId=1076
2647648663.0,691,92,37,SecondHalf,Chelsea,15,406564,Djordje Petrovic,Pass,Successful,4.7,38.2,62.0,13.1,True,Right,62.0,13.1,62.5,6.01,GoalKick; Longball; MissHigh
2647648697.0,692,92,41,SecondHalf,Chelsea,15,433219,Cesare Casadei,Aerial,Successful,59.6,13.2,,,False,Right,,,,,Offensive; OppositeRelatedEvent=1079
2647648675.0,1079,92,41,SecondHalf,Man City,167,313171,Rúben Dias,Aerial,Unsuccessful,40.4,86.8,,,False,Back,,,,,Defensive; OppositeRelatedEvent=692
2647648713.0,693,92,41,SecondHalf,Chelsea,15,433219,Cesare Casadei,Pass,Unsuccessful,62.0,13.5,63.4,13.3,True,Right,63.4,13.3,1.5,6.19,HeadPass
2647650071.0,1109,92,41,SecondHalf,Man City,167,313171,Rúben Dias,BallTouch,Successful,38.9,90.5,,,True,Back,,,,,Head
2647648707.0,1080,92,42,SecondHalf,Man City,167,297390,Manuel Akanji,Pass,Successful,36.9,80.3,38.7,81.4,True,Back,38.7,81.4,2.0,0.38,StandingSave
2647652465.0,1117,92,42,SecondHalf,Man City,167,313171,Rúben Dias,BallTouch,Successful,41.9,85.6,,,True,Back,,,,,StandingSave
2647648727.0,1081,92,43,SecondHalf,Man City,167,136741,Bernardo Silva,BallRecovery,Successful,42.5,82.7,,,False,,,,,,
2647648763.0,1082,92,43,SecondHalf,Man City,167,136741,Bernardo Silva,Pass,Successful,42.5,82.7,12.6,65.6,True,Back,12.6,65.6,33.5,3.50,StandingSave; Longball
2647648871.0,1083,92,48,SecondHalf,Man City,167,121774,Ederson,Pass,Successful,14.7,62.6,43.9,6.1,True,Back,43.9,6.1,49.2,5.39,StandingSave; Longball
2647648883.0,1084,92,57,SecondHalf,Man City,167,69778,Kyle Walker,Pass,Successful,81.5,8.3,82.0,18.8,True,Right,82.0,18.8,7.2,1.50,StandingSave
2647648905.0,1085,92,58,SecondHalf,Man City,167,73084,Kevin De Bruyne,Pass,Successful,82.0,18.8,74.6,13.7,True,Right,74.6,13.7,8.5,3.56,StandingSave
2647648957.0,1086,93,0,SecondHalf,Man City,167,331254,Phil Foden,Pass,Successful,73.3,14.6,71.9,46.0,True,Center,71.9,46.0,21.4,1.64,StandingSave
2647648985.0,1087,93,4,SecondHalf,Man City,167,313171,Rúben Dias,Pass,Successful,70.8,51.9,75.4,68.9,True,Center,75.4,68.9,12.5,1.18,StandingSave
2647649067.0,1088,93,6,SecondHalf,Man City,167,122945,Nathan Aké,Pass,Successful,78.7,68.5,87.4,88.0,True,Left,87.4,88.0,16.1,0.97,StandingSave
2647649071.0,1089,93,11,SecondHalf,Man City,167,388098,Jérémy Doku,Pass,Unsuccessful,95.2,74.9,95.4,71.9,True,Center,95.4,71.9,2.1,4.81,OppositeRelatedEvent=694; Offensive; StandingSave
2647649089.0,694,93,11,SecondHalf,Chelsea,15,403850,Malo Gusto,BlockedPass,Successful,3.4,26.2,,,True,Back,,,,,Defensive; StandingSave; OppositeRelatedEvent=1089
2647649099.0,695,93,12,SecondHalf,Chelsea,15,403850,Malo Gusto,CornerAwarded,Unsuccessful,4.0,27.2,,,False,Back,,,,,MissLeft; OppositeRelatedEvent=1090
2647649097.0,1090,93,12,SecondHalf,Man City,167,388098,Jérémy Doku,CornerAwarded,Successful,96.0,72.8,,,False,Center,,,,,MissLeft; OppositeRelatedEvent=695
2647649395.0,1091,93,30,SecondHalf,Man City,167,73084,Kevin De Bruyne,Pass,Unsuccessful,99.5,99.5,94.6,39.9,True,Center,94.6,39.9,40.9,4.59,Cross; OppositeRelatedEvent=698; StandingSave; CornerTaken; Longball; Chipped; RightFoot
2647651491.0,709,93,32,SecondHalf,Chelsea,15,300426,Axel Disasi,Aerial,Successful,6.7,53.6,,,False,Back,,,,,OppositeRelatedEvent=1113; Defensive
2647651473.0,1113,93,32,SecondHalf,Man City,167,303139,Rodri,Aerial,Unsuccessful,93.3,46.4,,,False,Center,,,,,OppositeRelatedEvent=709; Offensive
2647649359.0,697,93,32,SecondHalf,Chelsea,15,300426,Axel Disasi,Clearance,Successful,5.1,53.6,4.0,59.3,True,Back,4.0,59.3,4.0,1.86,Head
2647649397.0,1092,93,32,SecondHalf,Man City,167,315227,Erling Haaland,Pass,Unsuccessful,93.3,34.6,96.9,43.6,True,Center,96.9,43.6,7.2,1.02,HeadPass
2647649405.0,698,93,33,SecondHalf,Chelsea,15,406564,Djordje Petrovic,Punch,Successful,2.2,50.6,13.9,72.7,True,,13.9,72.7,19.4,0.89,StandingSave; OppositeRelatedEvent=1091
2647649429.0,699,93,35,SecondHalf,Chelsea,15,421351,Levi Colwill,Clearance,Successful,13.9,72.7,54.5,72.3,True,Center,54.5,72.3,42.6,6.28,StandingSave
2647649501.0,1093,93,42,SecondHalf,Man City,167,121774,Ederson,Pass,Successful,43.6,28.9,57.8,16.6,True,Right,57.8,16.6,17.1,5.77,StandingSave
2647649537.0,1094,93,47,SecondHalf,Man City,167,331254,Phil Foden,Pass,Successful,75.1,16.8,71.0,31.3,True,Center,71.0,31.3,10.8,1.98,StandingSave
2647649587.0,1095,93,50,SecondHalf,Man City,167,303139,Rodri,Pass,Successful,71.7,29.3,87.5,9.8,True,Right,87.5,9.8,21.2,5.61,StandingSave
2647649631.0,1096,93,54,SecondHalf,Man City,167,136741,Bernardo Silva,Pass,Successful,88.3,18.8,94.0,53.3,True,Center,94.0,53.3,24.2,1.32,Cross; StandingSave; Chipped; LeftFoot
2647649645.0,1097,93,55,SecondHalf,Man City,167,315227,Erling Haaland,Aerial,Successful,94.9,52.4,,,False,Center,,,,,OppositeRelatedEvent=700; Offensive
2647649613.0,700,93,55,SecondHalf,Chelsea,15,353292,Trevoh Chalobah,Aerial,Unsuccessful,5.1,47.6,,,False,Back,,,,,OppositeRelatedEvent=1097; Defensive
2647649663.0,1098,93,55,SecondHalf,Man City,167,315227,Erling Haaland,BallTouch,Successful,94.0,53.3,,,True,Center,,,,,OtherBodyPart
2647738539.0,724,93,56,SecondHalf,Chelsea,15,421351,Levi Colwill,BallTouch,Successful,10.4,54.5,,,True,Back,,,,,OtherBodyPart
2647649675.0,1099,93,57,SecondHalf,Man City,167,313171,Rúben Dias,BallTouch,Successful,91.4,43.5,,,True,Center,,,,,StandingSave
2647652021.0,712,93,58,SecondHalf,Chelsea,15,421351,Levi Colwill,Clearance,Successful,7.2,55.2,19.8,43.9,True,Back,19.8,43.9,15.3,5.76,StandingSave
2647652051.0,1116,93,59,SecondHalf,Man City,167,122945,Nathan Aké,BallTouch,Successful,81.8,55.0,,,True,Center,,,,,StandingSave
2647649697.0,1100,94,0,SecondHalf,Man City,167,73084,Kevin De Bruyne,Pass,Successful,79.5,67.7,92.2,72.9,True,Center,92.2,72.9,13.8,0.26,StandingSave; ShotAssist=15; KeyPass
2647649707.0,1101,94,3,SecondHalf,Man City,167,388098,Jérémy Doku,SavedShot,Successful,92.3,69.0,,,True,Center,,,,,BlockedX=93.2; GoalMouthZ=19; LowCentre; Blocked; RightFoot; GoalMouthY=51.1; StandingSave; Assisted; BlockedY=67.0; RelatedEventId=1100; BoxLeft; RegularPlay; IndividualPlay; OppositeRelatedEvent=702
2647649711.0,702,94,3,SecondHalf,Chelsea,15,403850,Malo Gusto,Save,Successful,6.8,33.0,,,True,Back,,,,,StandingSave; OppositeRelatedEvent=1101; OutfielderBlock
2647649713.0,1102,94,3,SecondHalf,Man City,167,388098,Jérémy Doku,BallTouch,Successful,92.3,69.0,,,True,Center,,,,,StandingSave
2647652315.0,713,94,4,SecondHalf,Chelsea,15,410175,Moisés Caicedo,Pass,Successful,7.8,38.0,5.4,39.1,True,Back,5.4,39.1,2.6,2.85,StandingSave
2647649751.0,703,94,5,SecondHalf,Chelsea,15,353292,Trevoh Chalobah,Clearance,Successful,6.9,38.9,57.0,25.0,True,Center,57.0,25.0,53.4,6.11,StandingSave
2647649809.0,1103,94,10,SecondHalf,Man City,167,121774,Ederson,Pass,Successful,44.9,75.3,59.0,83.7,True,Left,59.0,83.7,15.9,0.37,StandingSave
2647649877.0,1104,94,13,SecondHalf,Man City,167,73084,Kevin De Bruyne,Pass,Successful,59.6,81.2,93.9,24.9,True,Center,93.9,24.9,52.6,5.47,Longball; Chipped; StandingSave
2647649913.0,1105,94,18,SecondHalf,Man City,167,136741,Bernardo Silva,Pass,Successful,94.8,28.8,91.9,58.9,True,Center,91.9,58.9,20.7,1.72,StandingSave; Chipped
2647649943.0,1106,94,20,SecondHalf,Man City,167,122945,Nathan Aké,Pass,Successful,91.9,58.9,88.3,50.4,True,Center,88.3,50.4,6.9,4.13,ShotAssist=15; IntentionalAssist; HeadPass; StandingSave; KeyPass
2647649949.0,1107,94,21,SecondHalf,Man City,167,303139,Rodri,SavedShot,Successful,88.3,50.4,,,True,Center,,,,,BlockedY=51.4; GoalMouthZ=19; BlockedX=92.9; IntentionalAssist; RegularPlay; LowLeft; BoxCentre; Assisted; OppositeRelatedEvent=704; Head; Blocked; GoalMouthY=53.0; FirstTouch; RelatedEventId=1106
2647649945.0,704,94,22,SecondHalf,Chelsea,15,353292,Trevoh Chalobah,Save,Successful,7.5,49.1,,,True,Back,,,,,OppositeRelatedEvent=1107; OutfielderBlock; OtherBodyPart; StandingSave
2647649951.0,705,94,23,SecondHalf,Chelsea,15,353292,Trevoh Chalobah,CornerAwarded,Unsuccessful,9.9,49.0,,,False,Back,,,,,MissLeft; OppositeRelatedEvent=1108
2647649959.0,1108,94,23,SecondHalf,Man City,167,303139,Rodri,CornerAwarded,Successful,90.1,51.0,,,False,Center,,,,,OppositeRelatedEvent=705; MissRight
2647650565.0,1110,95,20,SecondHalf,Man City,167,136741,Bernardo Silva,Pass,Unsuccessful,99.8,0.7,95.3,53.8,True,Center,95.3,53.8,36.4,1.70,Longball; CornerTaken; LeftFoot; Cross; Chipped; StandingSave
2647652523.0,714,95,22,SecondHalf,Chelsea,15,406564,Djordje Petrovic,CrossNotClaimed,Successful,4.6,49.3,,,False,,,,,,
2647650567.0,706,95,22,SecondHalf,Chelsea,15,433219,Cesare Casadei,Clearance,Successful,7.7,45.4,14.7,50.9,True,Back,14.7,50.9,8.2,0.47,Head
2647650587.0,707,95,23,SecondHalf,Chelsea,15,403850,Malo Gusto,Clearance,Successful,13.4,51.2,38.4,46.1,True,Back,38.4,46.1,26.5,6.15,StandingSave
2647650615.0,708,95,25,SecondHalf,Chelsea,15,,,End,Successful,0.0,0.0,,,False,,,,,,
2647650609.0,1112,95,25,SecondHalf,Man City,167,,,End,Successful,0.0,0.0,,,False,,,,,,
2647651701.0,1114,0,0,PostGame,Man City,167,,,End,Successful,0.0,0.0,,,False,,,,,,
2647651735.0,710,0,0,PostGame,Chelsea,15,,,End,Successful,0.0,0.0,,,False,,,,,,
2647463979.0,1,0,0,PreMatch,Man City,167,,,FormationSet,Successful,0.0,0.0,,,False,,,,,,"TeamFormation=7; TeamPlayerFormation=1, 2, 3, 4, 5, 6, 7, 8, 9, 10, 11, 0, 0, 0, 0, 0, 0, 0, 0, 0; PlayerPosition=1, 2, 2, 3, 2, 2, 3, 3, 4, 3, 3, 5, 5, 5, 5, 5, 5, 5, 5, 5; CaptainPlayerId=69778; InvolvedPlayers=121774,69778,122945,303139,297390,313171,331254,73084,315227,365409,388098,101374,93894,133569,136741,355110,394933,430709,449161,444791; JerseyNumber=31, 2, 6, 16, 25, 3, 47, 17, 9, 19, 11, 5, 8, 18, 20, 21, 27, 52, 76, 82"
2647464051.0,1,0,0,PreMatch,Chelsea,15,,,FormationSet,Successful,0.0,0.0,,,False,,,,,,"TeamFormation=8; PlayerPosition=1, 2, 2, 3, 2, 2, 3, 3, 4, 3, 3, 5, 5, 5, 5, 5, 5, 5, 5, 5; JerseyNumber=28, 27, 21, 8, 2, 26, 20, 25, 15, 23, 7, 10, 11, 13, 14, 18, 31, 42, 53, 79; TeamPlayerFormation=1, 2, 3, 4, 5, 6, 7, 8, 9, 10, 11, 0, 0, 0, 0, 0, 0, 0, 0, 0; InvolvedPlayers=406564,403850,299272,369430,300426,421351,395692,410175,426050,375621,97692,409376,389935,135768,353292,300945,433219,467969,463992,516952; CaptainPlayerId=299272"
